idna_subject,checker_type,destination,tested_at
43.128.208.240,AVAILABILITY,origin.list,2023-02-16 05:19:31.972017
45.150.234.147,AVAILABILITY,origin.list,2023-02-16 05:21:41.811616
45.150.234.149,AVAILABILITY,origin.list,2023-02-16 05:21:41.813951
45.150.234.15,AVAILABILITY,origin.list,2023-02-16 05:21:42.000611
45.150.234.155,AVAILABILITY,origin.list,2023-02-16 05:21:42.643022
45.150.234.152,AVAILABILITY,origin.list,2023-02-16 05:21:42.649483
45.150.234.150,AVAILABILITY,origin.list,2023-02-16 05:21:42.823621
45.150.234.161,AVAILABILITY,origin.list,2023-02-16 05:21:43.476390
45.150.234.154,AVAILABILITY,origin.list,2023-02-16 05:21:43.550665
45.150.234.158,AVAILABILITY,origin.list,2023-02-16 05:21:43.645625
45.150.234.16,AVAILABILITY,origin.list,2023-02-16 05:21:44.293480
45.150.234.156,AVAILABILITY,origin.list,2023-02-16 05:21:44.294553
45.150.234.162,AVAILABILITY,origin.list,2023-02-16 05:21:44.440810
45.150.234.17,AVAILABILITY,origin.list,2023-02-16 05:21:44.464606
45.150.234.171,AVAILABILITY,origin.list,2023-02-16 05:21:45.119669
45.150.234.165,AVAILABILITY,origin.list,2023-02-16 05:21:45.177491
45.150.234.163,AVAILABILITY,origin.list,2023-02-16 05:21:45.271919
45.150.234.172,AVAILABILITY,origin.list,2023-02-16 05:21:45.357164
45.67.34.234,AVAILABILITY,origin.list,2023-02-16 05:21:45.697452
45.150.234.174,AVAILABILITY,origin.list,2023-02-16 05:21:45.950668
45.150.234.180,AVAILABILITY,origin.list,2023-02-16 05:21:46.098781
45.150.234.183,AVAILABILITY,origin.list,2023-02-16 05:21:46.177185
45.150.234.18,AVAILABILITY,origin.list,2023-02-16 05:21:46.550853
45.150.234.184,AVAILABILITY,origin.list,2023-02-16 05:21:46.767285
45.150.234.185,AVAILABILITY,origin.list,2023-02-16 05:21:46.928943
45.150.234.186,AVAILABILITY,origin.list,2023-02-16 05:21:47.068199
45.150.234.187,AVAILABILITY,origin.list,2023-02-16 05:21:47.369137
45.150.234.188,AVAILABILITY,origin.list,2023-02-16 05:21:47.661259
45.150.234.190,AVAILABILITY,origin.list,2023-02-16 05:21:47.760453
45.150.234.192,AVAILABILITY,origin.list,2023-02-16 05:21:47.900064
45.150.234.19,AVAILABILITY,origin.list,2023-02-16 05:21:48.201119
45.150.234.195,AVAILABILITY,origin.list,2023-02-16 05:21:48.493883
45.150.234.194,AVAILABILITY,origin.list,2023-02-16 05:21:48.660105
45.150.234.207,AVAILABILITY,origin.list,2023-02-16 05:21:48.725776
45.150.234.205,AVAILABILITY,origin.list,2023-02-16 05:21:49.025601
45.150.234.209,AVAILABILITY,origin.list,2023-02-16 05:21:49.316170
45.150.234.206,AVAILABILITY,origin.list,2023-02-16 05:21:49.486523
45.150.234.208,AVAILABILITY,origin.list,2023-02-16 05:21:49.624016
45.150.234.218,AVAILABILITY,origin.list,2023-02-16 05:21:49.848835
45.150.234.217,AVAILABILITY,origin.list,2023-02-16 05:21:50.140082
45.150.234.226,AVAILABILITY,origin.list,2023-02-16 05:21:50.310509
45.150.234.216,AVAILABILITY,origin.list,2023-02-16 05:21:50.521273
45.150.234.220,AVAILABILITY,origin.list,2023-02-16 05:21:50.667512
45.150.234.227,AVAILABILITY,origin.list,2023-02-16 05:21:51.131636
45.150.234.221,AVAILABILITY,origin.list,2023-02-16 05:21:51.343539
45.150.234.232,AVAILABILITY,origin.list,2023-02-16 05:21:51.963060
45.150.234.224,AVAILABILITY,origin.list,2023-02-16 05:21:52.169605
45.150.234.231,AVAILABILITY,origin.list,2023-02-16 05:21:52.782190
45.150.234.235,AVAILABILITY,origin.list,2023-02-16 05:21:52.998782
45.150.234.236,AVAILABILITY,origin.list,2023-02-16 05:21:53.679919
23.225.48.187,AVAILABILITY,origin.list,2023-02-16 05:21:57.665584
45.150.234.234,AVAILABILITY,origin.list,2023-02-16 05:21:58.490872
45.150.234.238,AVAILABILITY,origin.list,2023-02-16 05:21:59.312973
45.150.234.243,AVAILABILITY,origin.list,2023-02-16 05:22:00.142852
45.150.234.244,AVAILABILITY,origin.list,2023-02-16 05:22:00.979030
52.184.89.138,AVAILABILITY,origin.list,2023-02-16 05:22:01.034500
45.150.234.249,AVAILABILITY,origin.list,2023-02-16 05:22:01.808318
45.150.234.248,AVAILABILITY,origin.list,2023-02-16 05:22:02.001074
45.150.234.242,AVAILABILITY,origin.list,2023-02-16 05:22:02.634568
45.150.234.26,AVAILABILITY,origin.list,2023-02-16 05:22:02.828654
52.184.89.182,AVAILABILITY,origin.list,2023-02-16 05:22:03.398583
45.150.234.253,AVAILABILITY,origin.list,2023-02-16 05:22:03.528984
45.150.234.28,AVAILABILITY,origin.list,2023-02-16 05:22:03.715933
216.118.240.107,AVAILABILITY,origin.list,2023-02-16 05:22:03.832377
52.184.89.231,AVAILABILITY,origin.list,2023-02-16 05:22:04.082087
45.150.234.34,AVAILABILITY,origin.list,2023-02-16 05:22:04.288322
45.150.234.32,AVAILABILITY,origin.list,2023-02-16 05:22:04.421366
45.150.234.42,AVAILABILITY,origin.list,2023-02-16 05:22:04.538989
45.150.234.37,AVAILABILITY,origin.list,2023-02-16 05:22:04.658832
45.150.234.36,AVAILABILITY,origin.list,2023-02-16 05:22:04.972262
45.150.234.45,AVAILABILITY,origin.list,2023-02-16 05:22:05.282846
45.150.234.43,AVAILABILITY,origin.list,2023-02-16 05:22:05.368862
45.150.234.33,AVAILABILITY,origin.list,2023-02-16 05:22:05.386014
45.150.234.47,AVAILABILITY,origin.list,2023-02-16 05:22:05.486581
45.150.234.38,AVAILABILITY,origin.list,2023-02-16 05:22:05.801664
45.150.234.44,AVAILABILITY,origin.list,2023-02-16 05:22:06.180973
45.150.234.46,AVAILABILITY,origin.list,2023-02-16 05:22:06.192090
45.150.234.49,AVAILABILITY,origin.list,2023-02-16 05:22:06.211664
45.150.234.48,AVAILABILITY,origin.list,2023-02-16 05:22:06.309357
45.150.234.5,AVAILABILITY,origin.list,2023-02-16 05:22:06.708099
45.150.234.50,AVAILABILITY,origin.list,2023-02-16 05:22:07.008111
45.150.234.52,AVAILABILITY,origin.list,2023-02-16 05:22:07.018030
45.150.234.57,AVAILABILITY,origin.list,2023-02-16 05:22:07.103890
45.150.234.6,AVAILABILITY,origin.list,2023-02-16 05:22:07.222179
45.150.234.62,AVAILABILITY,origin.list,2023-02-16 05:22:07.608995
45.150.234.66,AVAILABILITY,origin.list,2023-02-16 05:22:07.913834
45.150.234.61,AVAILABILITY,origin.list,2023-02-16 05:22:07.964838
45.150.234.69,AVAILABILITY,origin.list,2023-02-16 05:22:08.000867
45.150.234.70,AVAILABILITY,origin.list,2023-02-16 05:22:08.048748
45.150.234.7,AVAILABILITY,origin.list,2023-02-16 05:22:08.436634
45.150.234.71,AVAILABILITY,origin.list,2023-02-16 05:22:08.741975
45.150.234.77,AVAILABILITY,origin.list,2023-02-16 05:22:08.868023
45.150.234.74,AVAILABILITY,origin.list,2023-02-16 05:22:08.964626
45.150.234.78,AVAILABILITY,origin.list,2023-02-16 05:22:09.336905
45.150.234.79,AVAILABILITY,origin.list,2023-02-16 05:22:09.571386
45.150.234.85,AVAILABILITY,origin.list,2023-02-16 05:22:09.696299
45.150.234.8,AVAILABILITY,origin.list,2023-02-16 05:22:09.788574
45.150.234.87,AVAILABILITY,origin.list,2023-02-16 05:22:10.235784
45.150.234.88,AVAILABILITY,origin.list,2023-02-16 05:22:10.396823
45.150.234.9,AVAILABILITY,origin.list,2023-02-16 05:22:10.588582
45.150.234.92,AVAILABILITY,origin.list,2023-02-16 05:22:10.688695
45.150.234.93,AVAILABILITY,origin.list,2023-02-16 05:22:11.209484
45.150.234.99,AVAILABILITY,origin.list,2023-02-16 05:22:11.221030
103.172.117.12,AVAILABILITY,origin.list,2023-02-16 05:22:15.115225
103.172.117.1,AVAILABILITY,origin.list,2023-02-16 05:22:15.780110
103.172.117.10,AVAILABILITY,origin.list,2023-02-16 05:22:15.842499
103.172.117.13,AVAILABILITY,origin.list,2023-02-16 05:22:15.918395
52.184.89.241,AVAILABILITY,origin.list,2023-02-16 05:22:18.314132
103.172.117.15,AVAILABILITY,origin.list,2023-02-16 05:22:19.439258
103.172.117.14,AVAILABILITY,origin.list,2023-02-16 05:22:24.884204
103.172.117.11,AVAILABILITY,origin.list,2023-02-16 05:22:24.985148
103.172.117.17,AVAILABILITY,origin.list,2023-02-16 05:22:25.106834
103.172.117.16,AVAILABILITY,origin.list,2023-02-16 05:22:32.022983
103.172.117.20,AVAILABILITY,origin.list,2023-02-16 05:22:33.147047
103.172.117.21,AVAILABILITY,origin.list,2023-02-16 05:22:38.549478
103.172.117.19,AVAILABILITY,origin.list,2023-02-16 05:22:38.700708
103.172.117.18,AVAILABILITY,origin.list,2023-02-16 05:22:38.808327
103.172.117.2,AVAILABILITY,origin.list,2023-02-16 05:22:45.608009
103.172.117.30,AVAILABILITY,origin.list,2023-02-16 05:22:46.798273
103.172.117.29,AVAILABILITY,origin.list,2023-02-16 05:22:52.113226
103.172.117.27,AVAILABILITY,origin.list,2023-02-16 05:22:52.229365
103.172.117.22,AVAILABILITY,origin.list,2023-02-16 05:22:52.435727
103.172.117.28,AVAILABILITY,origin.list,2023-02-16 05:22:59.254307
103.172.117.3,AVAILABILITY,origin.list,2023-02-16 05:23:00.458183
103.172.117.36,AVAILABILITY,origin.list,2023-02-16 05:23:05.543071
103.172.117.37,AVAILABILITY,origin.list,2023-02-16 05:23:05.880217
103.172.117.35,AVAILABILITY,origin.list,2023-02-16 05:23:06.119790
103.172.117.34,AVAILABILITY,origin.list,2023-02-16 05:23:12.827983
103.172.117.31,AVAILABILITY,origin.list,2023-02-16 05:23:13.878455
103.172.117.41,AVAILABILITY,origin.list,2023-02-16 05:23:19.008789
103.172.117.4,AVAILABILITY,origin.list,2023-02-16 05:23:19.420621
103.172.117.38,AVAILABILITY,origin.list,2023-02-16 05:23:19.703607
103.172.117.40,AVAILABILITY,origin.list,2023-02-16 05:23:22.829719
103.172.117.52,AVAILABILITY,origin.list,2023-02-16 05:23:23.181282
103.172.117.46,AVAILABILITY,origin.list,2023-02-16 05:23:23.611317
103.172.117.43,AVAILABILITY,origin.list,2023-02-16 05:23:23.676738
103.172.117.54,AVAILABILITY,origin.list,2023-02-16 05:23:23.983636
103.172.117.55,AVAILABILITY,origin.list,2023-02-16 05:23:26.981204
103.172.117.56,AVAILABILITY,origin.list,2023-02-16 05:23:27.644456
103.172.117.5,AVAILABILITY,origin.list,2023-02-16 05:23:27.766651
103.172.117.58,AVAILABILITY,origin.list,2023-02-16 05:23:27.781207
103.172.117.61,AVAILABILITY,origin.list,2023-02-16 05:23:27.964794
103.172.117.6,AVAILABILITY,origin.list,2023-02-16 05:23:31.093620
103.172.117.60,AVAILABILITY,origin.list,2023-02-16 05:23:31.778772
103.172.117.57,AVAILABILITY,origin.list,2023-02-16 05:23:31.803291
103.172.117.62,AVAILABILITY,origin.list,2023-02-16 05:23:31.815599
103.172.117.65,AVAILABILITY,origin.list,2023-02-16 05:23:32.061552
103.172.117.66,AVAILABILITY,origin.list,2023-02-16 05:23:35.285995
103.172.117.68,AVAILABILITY,origin.list,2023-02-16 05:23:35.943503
103.172.117.64,AVAILABILITY,origin.list,2023-02-16 05:23:36.063209
103.172.117.63,AVAILABILITY,origin.list,2023-02-16 05:23:36.081125
103.172.117.7,AVAILABILITY,origin.list,2023-02-16 05:23:36.321993
103.172.117.67,AVAILABILITY,origin.list,2023-02-16 05:23:39.576024
103.172.117.74,AVAILABILITY,origin.list,2023-02-16 05:23:40.043092
103.172.117.70,AVAILABILITY,origin.list,2023-02-16 05:23:40.222223
103.172.117.72,AVAILABILITY,origin.list,2023-02-16 05:23:40.403599
103.172.117.69,AVAILABILITY,origin.list,2023-02-16 05:23:40.670124
103.172.117.76,AVAILABILITY,origin.list,2023-02-16 05:23:43.749900
103.172.117.75,AVAILABILITY,origin.list,2023-02-16 05:23:44.376285
103.172.117.79,AVAILABILITY,origin.list,2023-02-16 05:23:44.427078
103.172.117.78,AVAILABILITY,origin.list,2023-02-16 05:23:44.713166
103.172.117.73,AVAILABILITY,origin.list,2023-02-16 05:23:44.885070
103.172.117.81,AVAILABILITY,origin.list,2023-02-16 05:23:47.873641
103.172.117.77,AVAILABILITY,origin.list,2023-02-16 05:23:48.512972
103.172.117.83,AVAILABILITY,origin.list,2023-02-16 05:23:48.675539
103.172.117.80,AVAILABILITY,origin.list,2023-02-16 05:23:49.181473
103.172.117.84,AVAILABILITY,origin.list,2023-02-16 05:23:49.445462
178.253.14.132,AVAILABILITY,origin.list,2023-02-16 05:23:50.035129
178.253.14.134,AVAILABILITY,origin.list,2023-02-16 05:23:50.524398
178.253.14.131,AVAILABILITY,origin.list,2023-02-16 05:23:51.146654
178.253.14.133,AVAILABILITY,origin.list,2023-02-16 05:23:51.399543
103.172.117.86,AVAILABILITY,origin.list,2023-02-16 05:23:52.068928
178.253.14.159,AVAILABILITY,origin.list,2023-02-16 05:23:52.257769
103.172.117.82,AVAILABILITY,origin.list,2023-02-16 05:23:52.610254
103.172.117.87,AVAILABILITY,origin.list,2023-02-16 05:23:52.937051
178.253.14.135,AVAILABILITY,origin.list,2023-02-16 05:23:53.656435
178.253.14.157,AVAILABILITY,origin.list,2023-02-16 05:23:54.508527
103.172.117.85,AVAILABILITY,origin.list,2023-02-16 05:23:55.323338
178.253.14.158,AVAILABILITY,origin.list,2023-02-16 05:23:55.429593
178.253.14.243,AVAILABILITY,origin.list,2023-02-16 05:23:56.120783
103.172.117.96,AVAILABILITY,origin.list,2023-02-16 05:23:56.329412
103.172.117.89,AVAILABILITY,origin.list,2023-02-16 05:23:56.353792
103.172.117.88,AVAILABILITY,origin.list,2023-02-16 05:23:56.794787
178.253.14.177,AVAILABILITY,origin.list,2023-02-16 05:23:57.027462
178.253.14.244,AVAILABILITY,origin.list,2023-02-16 05:23:57.181097
178.253.14.245,AVAILABILITY,origin.list,2023-02-16 05:23:57.186059
178.253.14.247,AVAILABILITY,origin.list,2023-02-16 05:23:57.687518
178.253.14.183,AVAILABILITY,origin.list,2023-02-16 05:23:57.937691
178.253.14.246,AVAILABILITY,origin.list,2023-02-16 05:23:58.050457
178.253.14.182,AVAILABILITY,origin.list,2023-02-16 05:23:58.125823
178.253.14.248,AVAILABILITY,origin.list,2023-02-16 05:23:58.627697
178.253.14.251,AVAILABILITY,origin.list,2023-02-16 05:23:58.784324
178.253.14.253,AVAILABILITY,origin.list,2023-02-16 05:23:58.823890
178.253.14.254,AVAILABILITY,origin.list,2023-02-16 05:23:59.366552
178.253.14.252,AVAILABILITY,origin.list,2023-02-16 05:23:59.631201
178.253.14.249,AVAILABILITY,origin.list,2023-02-16 05:24:00.375450
178.253.14.178,AVAILABILITY,origin.list,2023-02-16 05:24:00.491760
178.253.14.65,AVAILABILITY,origin.list,2023-02-16 05:24:00.572764
178.253.14.52,AVAILABILITY,origin.list,2023-02-16 05:24:01.233137
178.253.14.48,AVAILABILITY,origin.list,2023-02-16 05:24:01.240571
178.253.14.59,AVAILABILITY,origin.list,2023-02-16 05:24:01.593211
178.253.15.10,AVAILABILITY,origin.list,2023-02-16 05:24:02.090998
103.172.117.91,AVAILABILITY,origin.list,2023-02-16 05:24:02.235131
103.172.117.90,AVAILABILITY,origin.list,2023-02-16 05:24:02.980360
178.253.15.52,AVAILABILITY,origin.list,2023-02-16 05:24:04.255903
178.253.15.11,AVAILABILITY,origin.list,2023-02-16 05:24:04.375972
178.253.15.60,AVAILABILITY,origin.list,2023-02-16 05:24:04.377067
178.253.15.53,AVAILABILITY,origin.list,2023-02-16 05:24:04.376376
178.253.15.55,AVAILABILITY,origin.list,2023-02-16 05:24:04.496321
178.253.15.58,AVAILABILITY,origin.list,2023-02-16 05:24:05.114900
178.253.15.56,AVAILABILITY,origin.list,2023-02-16 05:24:05.365179
178.253.15.54,AVAILABILITY,origin.list,2023-02-16 05:24:05.404143
23.109.150.156,AVAILABILITY,origin.list,2023-02-16 05:24:05.906802
178.253.15.59,AVAILABILITY,origin.list,2023-02-16 05:24:06.302873
23.109.150.205,AVAILABILITY,origin.list,2023-02-16 05:24:06.386710
23.109.150.154,AVAILABILITY,origin.list,2023-02-16 05:24:06.707122
23.109.150.208,AVAILABILITY,origin.list,2023-02-16 05:24:07.179341
23.109.248.220,AVAILABILITY,origin.list,2023-02-16 05:24:07.321478
23.109.248.242,AVAILABILITY,origin.list,2023-02-16 05:24:07.431619
23.109.150.116,AVAILABILITY,origin.list,2023-02-16 05:24:08.273236
23.109.61.137,AVAILABILITY,origin.list,2023-02-16 05:24:08.277639
103.172.117.97,AVAILABILITY,origin.list,2023-02-16 05:24:08.503226
192.142.40.202,AVAILABILITY,origin.list,2023-02-16 05:24:08.535550
103.172.117.93,AVAILABILITY,origin.list,2023-02-16 05:24:08.660193
178.253.15.57,AVAILABILITY,origin.list,2023-02-16 05:24:08.945295
23.109.248.166,AVAILABILITY,origin.list,2023-02-16 05:24:09.235250
23.109.248.226,AVAILABILITY,origin.list,2023-02-16 05:24:09.255749
23.109.248.107,AVAILABILITY,origin.list,2023-02-16 05:24:09.475168
23.109.248.251,AVAILABILITY,origin.list,2023-02-16 05:24:09.591160
23.109.87.209,AVAILABILITY,origin.list,2023-02-16 05:24:09.690907
23.109.82.203,AVAILABILITY,origin.list,2023-02-16 05:24:09.880928
23.109.87.28,AVAILABILITY,origin.list,2023-02-16 05:24:10.052823
23.109.248.88,AVAILABILITY,origin.list,2023-02-16 05:24:10.171504
23.109.61.153,AVAILABILITY,origin.list,2023-02-16 05:24:10.383021
23.109.87.81,AVAILABILITY,origin.list,2023-02-16 05:24:10.575747
23.109.87.130,AVAILABILITY,origin.list,2023-02-16 05:24:10.767714
23.109.87.210,AVAILABILITY,origin.list,2023-02-16 05:24:10.849700
23.109.87.53,AVAILABILITY,origin.list,2023-02-16 05:24:11.110208
192.142.40.193,AVAILABILITY,origin.list,2023-02-16 05:24:11.142859
142.91.159.78,AVAILABILITY,origin.list,2023-02-16 05:24:11.561387
142.91.159.223,AVAILABILITY,origin.list,2023-02-16 05:24:11.703688
188.42.84.199,AVAILABILITY,origin.list,2023-02-16 05:24:11.716511
203.195.121.123,AVAILABILITY,origin.list,2023-02-16 05:24:12.335969
188.42.84.2,AVAILABILITY,origin.list,2023-02-16 05:24:12.447757
203.195.121.182,AVAILABILITY,origin.list,2023-02-16 05:24:12.732675
188.42.84.160,AVAILABILITY,origin.list,2023-02-16 05:24:12.855476
203.195.121.119,AVAILABILITY,origin.list,2023-02-16 05:24:12.875601
188.42.84.215,AVAILABILITY,origin.list,2023-02-16 05:24:13.542790
192.142.40.223,AVAILABILITY,origin.list,2023-02-16 05:24:13.723062
203.195.121.195,AVAILABILITY,origin.list,2023-02-16 05:24:13.934197
203.195.121.199,AVAILABILITY,origin.list,2023-02-16 05:24:17.860726
203.195.121.226,AVAILABILITY,origin.list,2023-02-16 05:24:17.871461
203.195.121.134,AVAILABILITY,origin.list,2023-02-16 05:24:17.878214
203.195.121.146,AVAILABILITY,origin.list,2023-02-16 05:24:17.882663
203.195.121.103,AVAILABILITY,origin.list,2023-02-16 05:24:17.899136
178.253.14.126,AVAILABILITY,origin.list,2023-02-16 05:24:18.744974
203.195.121.218,AVAILABILITY,origin.list,2023-02-16 05:24:18.883738
203.195.121.38,AVAILABILITY,origin.list,2023-02-16 05:24:18.886453
203.195.121.33,AVAILABILITY,origin.list,2023-02-16 05:24:18.949587
203.195.121.46,AVAILABILITY,origin.list,2023-02-16 05:24:18.990095
203.195.121.24,AVAILABILITY,origin.list,2023-02-16 05:24:19.748742
178.253.14.127,AVAILABILITY,origin.list,2023-02-16 05:24:19.794851
203.195.121.41,AVAILABILITY,origin.list,2023-02-16 05:24:19.862120
178.253.14.151,AVAILABILITY,origin.list,2023-02-16 05:24:19.951533
203.195.121.64,AVAILABILITY,origin.list,2023-02-16 05:24:19.983733
178.253.14.24,AVAILABILITY,origin.list,2023-02-16 05:24:20.715452
203.195.121.71,AVAILABILITY,origin.list,2023-02-16 05:24:20.806688
178.253.14.125,AVAILABILITY,origin.list,2023-02-16 05:24:20.820080
178.253.14.171,AVAILABILITY,origin.list,2023-02-16 05:24:20.822390
203.195.121.83,AVAILABILITY,origin.list,2023-02-16 05:24:20.993599
178.253.14.173,AVAILABILITY,origin.list,2023-02-16 05:24:21.385720
178.253.14.155,AVAILABILITY,origin.list,2023-02-16 05:24:21.507809
178.253.14.181,AVAILABILITY,origin.list,2023-02-16 05:24:21.669061
178.253.14.172,AVAILABILITY,origin.list,2023-02-16 05:24:21.725376
178.253.14.240,AVAILABILITY,origin.list,2023-02-16 05:24:21.906872
45.135.123.19,AVAILABILITY,origin.list,2023-02-16 05:24:22.257554
178.253.14.58,AVAILABILITY,origin.list,2023-02-16 05:24:22.327930
178.253.14.99,AVAILABILITY,origin.list,2023-02-16 05:24:22.459337
45.135.123.18,AVAILABILITY,origin.list,2023-02-16 05:24:22.593166
178.253.15.223,AVAILABILITY,origin.list,2023-02-16 05:24:22.770809
45.135.123.180,AVAILABILITY,origin.list,2023-02-16 05:24:23.193020
45.135.123.20,AVAILABILITY,origin.list,2023-02-16 05:24:23.217862
45.135.123.193,AVAILABILITY,origin.list,2023-02-16 05:24:23.261091
45.135.123.190,AVAILABILITY,origin.list,2023-02-16 05:24:23.459236
45.135.123.2,AVAILABILITY,origin.list,2023-02-16 05:24:23.574312
45.135.123.250,AVAILABILITY,origin.list,2023-02-16 05:24:24.062102
45.135.123.203,AVAILABILITY,origin.list,2023-02-16 05:24:24.128914
45.135.123.248,AVAILABILITY,origin.list,2023-02-16 05:24:24.330568
45.135.123.28,AVAILABILITY,origin.list,2023-02-16 05:24:24.368087
5.61.56.139,AVAILABILITY,origin.list,2023-02-16 05:24:24.565174
45.135.123.21,AVAILABILITY,origin.list,2023-02-16 05:24:24.864836
45.135.123.22,AVAILABILITY,origin.list,2023-02-16 05:24:24.929615
45.135.123.41,AVAILABILITY,origin.list,2023-02-16 05:24:25.193168
45.135.123.254,AVAILABILITY,origin.list,2023-02-16 05:24:25.303245
45.135.123.43,AVAILABILITY,origin.list,2023-02-16 05:24:25.435557
45.135.123.34,AVAILABILITY,origin.list,2023-02-16 05:24:25.728822
45.135.123.47,AVAILABILITY,origin.list,2023-02-16 05:24:25.791854
45.135.123.42,AVAILABILITY,origin.list,2023-02-16 05:24:25.995753
45.135.123.48,AVAILABILITY,origin.list,2023-02-16 05:24:26.174479
45.135.123.40,AVAILABILITY,origin.list,2023-02-16 05:24:26.237838
45.135.123.53,AVAILABILITY,origin.list,2023-02-16 05:24:26.594091
45.135.123.58,AVAILABILITY,origin.list,2023-02-16 05:24:26.825924
45.135.123.50,AVAILABILITY,origin.list,2023-02-16 05:24:26.866023
45.135.123.52,AVAILABILITY,origin.list,2023-02-16 05:24:26.974344
45.135.123.6,AVAILABILITY,origin.list,2023-02-16 05:24:27.037147
45.135.123.70,AVAILABILITY,origin.list,2023-02-16 05:24:27.390639
45.135.123.71,AVAILABILITY,origin.list,2023-02-16 05:24:27.662041
45.135.123.55,AVAILABILITY,origin.list,2023-02-16 05:24:27.698981
45.135.123.87,AVAILABILITY,origin.list,2023-02-16 05:24:27.835144
45.135.123.60,AVAILABILITY,origin.list,2023-02-16 05:24:27.838382
45.135.123.59,AVAILABILITY,origin.list,2023-02-16 05:24:28.190070
45.135.123.84,AVAILABILITY,origin.list,2023-02-16 05:24:28.501370
45.135.123.9,AVAILABILITY,origin.list,2023-02-16 05:24:28.595503
45.135.123.72,AVAILABILITY,origin.list,2023-02-16 05:24:28.636719
45.135.123.85,AVAILABILITY,origin.list,2023-02-16 05:24:28.702931
45.135.123.89,AVAILABILITY,origin.list,2023-02-16 05:24:29.050354
45.135.123.88,AVAILABILITY,origin.list,2023-02-16 05:24:29.364271
45.141.10.70,AVAILABILITY,origin.list,2023-02-16 05:24:29.406285
45.135.123.90,AVAILABILITY,origin.list,2023-02-16 05:24:29.566648
45.141.10.71,AVAILABILITY,origin.list,2023-02-16 05:24:29.568124
45.141.10.170,AVAILABILITY,origin.list,2023-02-16 05:24:29.914980
45.141.10.174,AVAILABILITY,origin.list,2023-02-16 05:24:30.186157
45.141.8.39,AVAILABILITY,origin.list,2023-02-16 05:24:30.206448
45.141.11.22,AVAILABILITY,origin.list,2023-02-16 05:24:30.376602
45.141.10.86,AVAILABILITY,origin.list,2023-02-16 05:24:30.442100
45.141.10.72,AVAILABILITY,origin.list,2023-02-16 05:24:30.782727
45.141.8.38,AVAILABILITY,origin.list,2023-02-16 05:24:30.996963
45.141.11.41,AVAILABILITY,origin.list,2023-02-16 05:24:31.076660
45.141.8.70,AVAILABILITY,origin.list,2023-02-16 05:24:31.174591
45.141.8.54,AVAILABILITY,origin.list,2023-02-16 05:24:31.318437
45.141.11.40,AVAILABILITY,origin.list,2023-02-16 05:24:31.667426
45.141.11.35,AVAILABILITY,origin.list,2023-02-16 05:24:31.859964
45.141.8.40,AVAILABILITY,origin.list,2023-02-16 05:24:31.878303
45.141.8.71,AVAILABILITY,origin.list,2023-02-16 05:24:32.041870
45.141.8.72,AVAILABILITY,origin.list,2023-02-16 05:24:32.119173
178.253.14.104,AVAILABILITY,origin.list,2023-02-16 05:24:32.582363
45.141.8.74,AVAILABILITY,origin.list,2023-02-16 05:24:32.678333
45.141.8.53,AVAILABILITY,origin.list,2023-02-16 05:24:32.725903
178.253.14.108,AVAILABILITY,origin.list,2023-02-16 05:24:32.961021
45.141.8.73,AVAILABILITY,origin.list,2023-02-16 05:24:33.055563
178.253.14.112,AVAILABILITY,origin.list,2023-02-16 05:24:33.428255
178.253.14.107,AVAILABILITY,origin.list,2023-02-16 05:24:33.526549
178.253.14.106,AVAILABILITY,origin.list,2023-02-16 05:24:33.573729
178.253.14.110,AVAILABILITY,origin.list,2023-02-16 05:24:33.922840
178.253.14.105,AVAILABILITY,origin.list,2023-02-16 05:24:33.924603
178.253.14.113,AVAILABILITY,origin.list,2023-02-16 05:24:34.259437
178.253.14.114,AVAILABILITY,origin.list,2023-02-16 05:24:34.419717
178.253.14.115,AVAILABILITY,origin.list,2023-02-16 05:24:34.428123
178.253.14.116,AVAILABILITY,origin.list,2023-02-16 05:24:34.672755
178.253.14.138,AVAILABILITY,origin.list,2023-02-16 05:24:34.886468
178.253.14.123,AVAILABILITY,origin.list,2023-02-16 05:24:35.122576
178.253.14.150,AVAILABILITY,origin.list,2023-02-16 05:24:35.259783
178.253.14.124,AVAILABILITY,origin.list,2023-02-16 05:24:35.274781
178.253.14.122,AVAILABILITY,origin.list,2023-02-16 05:24:35.641876
178.253.14.111,AVAILABILITY,origin.list,2023-02-16 05:24:35.777842
178.253.14.141,AVAILABILITY,origin.list,2023-02-16 05:24:35.976033
178.253.14.166,AVAILABILITY,origin.list,2023-02-16 05:24:36.111323
178.253.14.154,AVAILABILITY,origin.list,2023-02-16 05:24:36.275665
178.253.14.149,AVAILABILITY,origin.list,2023-02-16 05:24:36.488462
178.253.14.168,AVAILABILITY,origin.list,2023-02-16 05:24:36.611064
178.253.14.146,AVAILABILITY,origin.list,2023-02-16 05:24:36.900438
178.253.14.170,AVAILABILITY,origin.list,2023-02-16 05:24:37.025643
178.253.14.167,AVAILABILITY,origin.list,2023-02-16 05:24:37.121431
178.253.14.160,AVAILABILITY,origin.list,2023-02-16 05:24:37.511352
178.253.14.23,AVAILABILITY,origin.list,2023-02-16 05:24:37.632523
178.253.14.165,AVAILABILITY,origin.list,2023-02-16 05:24:37.751444
178.253.14.30,AVAILABILITY,origin.list,2023-02-16 05:24:37.946567
178.253.14.31,AVAILABILITY,origin.list,2023-02-16 05:24:37.974310
178.253.14.27,AVAILABILITY,origin.list,2023-02-16 05:24:38.364916
178.253.14.22,AVAILABILITY,origin.list,2023-02-16 05:24:38.509885
178.253.14.29,AVAILABILITY,origin.list,2023-02-16 05:24:38.619345
178.253.14.218,AVAILABILITY,origin.list,2023-02-16 05:24:38.916639
178.253.14.51,AVAILABILITY,origin.list,2023-02-16 05:24:38.934199
178.253.14.26,AVAILABILITY,origin.list,2023-02-16 05:24:39.274601
178.253.14.71,AVAILABILITY,origin.list,2023-02-16 05:24:39.340462
178.253.14.53,AVAILABILITY,origin.list,2023-02-16 05:24:39.576528
178.253.14.25,AVAILABILITY,origin.list,2023-02-16 05:24:39.796729
178.253.36.10,AVAILABILITY,origin.list,2023-02-16 05:24:39.910800
178.253.14.56,AVAILABILITY,origin.list,2023-02-16 05:24:40.152383
178.253.14.62,AVAILABILITY,origin.list,2023-02-16 05:24:40.209076
178.253.36.111,AVAILABILITY,origin.list,2023-02-16 05:24:40.447626
178.253.14.169,AVAILABILITY,origin.list,2023-02-16 05:24:40.672008
178.253.14.70,AVAILABILITY,origin.list,2023-02-16 05:24:40.741597
178.253.36.105,AVAILABILITY,origin.list,2023-02-16 05:24:41.012492
178.253.14.63,AVAILABILITY,origin.list,2023-02-16 05:24:41.128103
178.253.14.95,AVAILABILITY,origin.list,2023-02-16 05:24:41.313636
178.253.15.221,AVAILABILITY,origin.list,2023-02-16 05:24:41.519029
178.253.36.112,AVAILABILITY,origin.list,2023-02-16 05:24:41.619432
178.253.36.113,AVAILABILITY,origin.list,2023-02-16 05:24:41.690328
178.253.36.117,AVAILABILITY,origin.list,2023-02-16 05:24:42.188140
178.253.36.110,AVAILABILITY,origin.list,2023-02-16 05:24:42.223813
178.253.36.114,AVAILABILITY,origin.list,2023-02-16 05:24:42.339909
178.253.15.224,AVAILABILITY,origin.list,2023-02-16 05:24:42.385419
178.253.36.228,AVAILABILITY,origin.list,2023-02-16 05:24:43.078591
178.253.36.118,AVAILABILITY,origin.list,2023-02-16 05:24:43.132462
178.253.36.227,AVAILABILITY,origin.list,2023-02-16 05:24:43.255815
178.253.36.116,AVAILABILITY,origin.list,2023-02-16 05:24:43.305529
178.253.36.232,AVAILABILITY,origin.list,2023-02-16 05:24:43.845403
178.253.36.33,AVAILABILITY,origin.list,2023-02-16 05:24:43.978072
178.253.36.195,AVAILABILITY,origin.list,2023-02-16 05:24:44.033924
178.253.36.119,AVAILABILITY,origin.list,2023-02-16 05:24:44.128127
178.253.36.35,AVAILABILITY,origin.list,2023-02-16 05:24:44.673200
178.253.36.194,AVAILABILITY,origin.list,2023-02-16 05:24:44.707691
178.253.36.229,AVAILABILITY,origin.list,2023-02-16 05:24:44.859867
178.253.36.4,AVAILABILITY,origin.list,2023-02-16 05:24:45.040580
178.253.36.37,AVAILABILITY,origin.list,2023-02-16 05:24:45.517209
178.253.36.53,AVAILABILITY,origin.list,2023-02-16 05:24:45.556905
178.253.36.115,AVAILABILITY,origin.list,2023-02-16 05:24:45.714879
178.253.36.230,AVAILABILITY,origin.list,2023-02-16 05:24:45.717944
178.253.36.36,AVAILABILITY,origin.list,2023-02-16 05:24:45.887369
178.253.36.40,AVAILABILITY,origin.list,2023-02-16 05:24:46.399185
178.253.36.51,AVAILABILITY,origin.list,2023-02-16 05:24:46.428035
178.253.36.39,AVAILABILITY,origin.list,2023-02-16 05:24:46.518041
178.253.36.38,AVAILABILITY,origin.list,2023-02-16 05:24:46.604181
178.253.36.42,AVAILABILITY,origin.list,2023-02-16 05:24:46.736399
178.253.36.55,AVAILABILITY,origin.list,2023-02-16 05:24:47.223586
178.253.36.80,AVAILABILITY,origin.list,2023-02-16 05:24:47.275977
178.253.36.50,AVAILABILITY,origin.list,2023-02-16 05:24:47.435647
178.253.36.57,AVAILABILITY,origin.list,2023-02-16 05:24:47.568070
178.253.36.54,AVAILABILITY,origin.list,2023-02-16 05:24:47.699690
178.253.36.41,AVAILABILITY,origin.list,2023-02-16 05:24:48.123627
178.253.36.52,AVAILABILITY,origin.list,2023-02-16 05:24:48.129231
178.253.36.59,AVAILABILITY,origin.list,2023-02-16 05:24:48.286120
178.253.36.56,AVAILABILITY,origin.list,2023-02-16 05:24:48.418192
178.253.36.77,AVAILABILITY,origin.list,2023-02-16 05:24:48.558059
178.253.36.8,AVAILABILITY,origin.list,2023-02-16 05:24:48.998276
178.253.36.58,AVAILABILITY,origin.list,2023-02-16 05:24:49.010581
178.253.36.83,AVAILABILITY,origin.list,2023-02-16 05:24:49.132492
178.253.36.88,AVAILABILITY,origin.list,2023-02-16 05:24:49.569109
178.253.36.85,AVAILABILITY,origin.list,2023-02-16 05:24:49.818328
178.253.37.101,AVAILABILITY,origin.list,2023-02-16 05:24:49.845261
178.253.36.81,AVAILABILITY,origin.list,2023-02-16 05:24:49.852681
178.253.36.82,AVAILABILITY,origin.list,2023-02-16 05:24:50.437009
178.253.36.87,AVAILABILITY,origin.list,2023-02-16 05:24:50.590942
178.253.36.9,AVAILABILITY,origin.list,2023-02-16 05:24:50.681211
178.253.37.104,AVAILABILITY,origin.list,2023-02-16 05:24:50.821018
178.253.36.89,AVAILABILITY,origin.list,2023-02-16 05:24:51.303690
178.253.37.102,AVAILABILITY,origin.list,2023-02-16 05:24:51.441332
178.253.37.105,AVAILABILITY,origin.list,2023-02-16 05:24:51.551054
178.253.37.15,AVAILABILITY,origin.list,2023-02-16 05:24:51.696393
178.253.37.100,AVAILABILITY,origin.list,2023-02-16 05:24:52.159073
178.253.36.84,AVAILABILITY,origin.list,2023-02-16 05:24:52.364655
178.253.37.109,AVAILABILITY,origin.list,2023-02-16 05:24:52.433555
178.253.37.103,AVAILABILITY,origin.list,2023-02-16 05:24:52.514313
178.253.36.86,AVAILABILITY,origin.list,2023-02-16 05:24:52.623210
178.253.37.164,AVAILABILITY,origin.list,2023-02-16 05:24:53.026941
178.253.37.165,AVAILABILITY,origin.list,2023-02-16 05:24:53.262540
178.253.37.107,AVAILABILITY,origin.list,2023-02-16 05:24:53.301988
178.253.37.145,AVAILABILITY,origin.list,2023-02-16 05:24:58.342555
178.253.37.21,AVAILABILITY,origin.list,2023-02-16 05:24:58.501934
178.253.37.108,AVAILABILITY,origin.list,2023-02-16 05:24:58.749384
178.253.37.110,AVAILABILITY,origin.list,2023-02-16 05:24:58.917699
178.253.37.20,AVAILABILITY,origin.list,2023-02-16 05:24:59.100331
178.253.37.190,AVAILABILITY,origin.list,2023-02-16 05:24:59.268244
178.253.37.212,AVAILABILITY,origin.list,2023-02-16 05:24:59.353664
178.253.37.215,AVAILABILITY,origin.list,2023-02-16 05:24:59.684398
178.253.37.211,AVAILABILITY,origin.list,2023-02-16 05:24:59.882689
178.253.37.214,AVAILABILITY,origin.list,2023-02-16 05:24:59.967933
178.253.37.213,AVAILABILITY,origin.list,2023-02-16 05:25:01.852474
178.253.37.210,AVAILABILITY,origin.list,2023-02-16 05:25:01.976203
192.243.54.110,AVAILABILITY,origin.list,2023-02-16 05:25:02.672393
178.253.37.219,AVAILABILITY,origin.list,2023-02-16 05:25:02.697250
178.253.37.106,AVAILABILITY,origin.list,2023-02-16 05:25:05.857485
178.253.37.216,AVAILABILITY,origin.list,2023-02-16 05:25:06.832459
178.253.37.217,AVAILABILITY,origin.list,2023-02-16 05:25:06.879267
178.253.37.27,AVAILABILITY,origin.list,2023-02-16 05:25:08.664718
178.253.37.24,AVAILABILITY,origin.list,2023-02-16 05:25:13.633143
192.243.54.109,AVAILABILITY,origin.list,2023-02-16 05:25:13.895623
178.253.37.43,AVAILABILITY,origin.list,2023-02-16 05:25:14.125258
178.253.37.42,AVAILABILITY,origin.list,2023-02-16 05:25:14.962613
178.253.37.218,AVAILABILITY,origin.list,2023-02-16 05:25:15.195666
178.253.37.28,AVAILABILITY,origin.list,2023-02-16 05:25:15.928504
178.253.37.29,AVAILABILITY,origin.list,2023-02-16 05:25:16.067769
178.253.37.26,AVAILABILITY,origin.list,2023-02-16 05:25:19.477371
178.253.37.25,AVAILABILITY,origin.list,2023-02-16 05:25:19.531017
178.253.37.22,AVAILABILITY,origin.list,2023-02-16 05:25:23.476151
178.253.37.23,AVAILABILITY,origin.list,2023-02-16 05:25:26.710301
178.253.37.61,AVAILABILITY,origin.list,2023-02-16 05:25:26.721575
178.253.37.64,AVAILABILITY,origin.list,2023-02-16 05:25:27.394130
178.253.37.41,AVAILABILITY,origin.list,2023-02-16 05:25:27.405870
178.253.37.62,AVAILABILITY,origin.list,2023-02-16 05:25:27.499771
178.253.37.60,AVAILABILITY,origin.list,2023-02-16 05:25:27.684868
178.253.37.79,AVAILABILITY,origin.list,2023-02-16 05:25:27.759086
178.253.37.63,AVAILABILITY,origin.list,2023-02-16 05:25:28.053134
192.243.54.111,AVAILABILITY,origin.list,2023-02-16 05:25:28.055064
178.253.37.66,AVAILABILITY,origin.list,2023-02-16 05:25:28.260906
178.253.37.65,AVAILABILITY,origin.list,2023-02-16 05:25:28.548627
178.253.37.80,AVAILABILITY,origin.list,2023-02-16 05:25:28.613901
178.253.37.68,AVAILABILITY,origin.list,2023-02-16 05:25:28.889323
23.109.248.154,AVAILABILITY,origin.list,2023-02-16 05:25:28.945867
178.253.37.67,AVAILABILITY,origin.list,2023-02-16 05:25:29.106226
23.109.248.134,AVAILABILITY,origin.list,2023-02-16 05:25:29.315666
178.253.37.69,AVAILABILITY,origin.list,2023-02-16 05:25:29.447120
178.253.37.89,AVAILABILITY,origin.list,2023-02-16 05:25:29.606830
23.109.170.52,AVAILABILITY,origin.list,2023-02-16 05:25:29.749959
178.253.37.94,AVAILABILITY,origin.list,2023-02-16 05:25:29.980596
178.253.37.81,AVAILABILITY,origin.list,2023-02-16 05:25:30.233417
23.109.248.176,AVAILABILITY,origin.list,2023-02-16 05:25:30.235377
23.109.248.144,AVAILABILITY,origin.list,2023-02-16 05:25:30.335296
23.109.248.182,AVAILABILITY,origin.list,2023-02-16 05:25:30.470745
23.109.87.152,AVAILABILITY,origin.list,2023-02-16 05:25:30.960142
23.109.248.149,AVAILABILITY,origin.list,2023-02-16 05:25:30.960147
178.253.37.95,AVAILABILITY,origin.list,2023-02-16 05:25:30.999804
178.253.37.78,AVAILABILITY,origin.list,2023-02-16 05:25:31.208921
23.109.82.144,AVAILABILITY,origin.list,2023-02-16 05:25:33.395458
173.237.16.242,AVAILABILITY,origin.list,2023-02-16 05:25:33.601482
23.109.82.238,AVAILABILITY,origin.list,2023-02-16 05:25:34.567803
23.109.82.7,AVAILABILITY,origin.list,2023-02-16 05:25:35.283958
178.253.37.86,AVAILABILITY,origin.list,2023-02-16 05:25:37.035525
23.109.82.99,AVAILABILITY,origin.list,2023-02-16 05:25:37.493890
23.109.87.201,AVAILABILITY,origin.list,2023-02-16 05:25:37.495154
178.253.37.98,AVAILABILITY,origin.list,2023-02-16 05:25:38.687230
173.237.16.74,AVAILABILITY,origin.list,2023-02-16 05:25:39.404902
173.237.16.13,AVAILABILITY,origin.list,2023-02-16 05:25:39.513323
178.253.37.97,AVAILABILITY,origin.list,2023-02-16 05:25:40.312213
23.109.87.191,AVAILABILITY,origin.list,2023-02-16 05:25:40.689624
173.237.16.31,AVAILABILITY,origin.list,2023-02-16 05:25:41.009670
23.109.87.32,AVAILABILITY,origin.list,2023-02-16 05:25:41.414646
173.237.16.27,AVAILABILITY,origin.list,2023-02-16 05:25:41.535927
142.91.159.169,AVAILABILITY,origin.list,2023-02-16 05:25:41.553362
142.91.159.179,AVAILABILITY,origin.list,2023-02-16 05:25:41.833878
142.91.159.200,AVAILABILITY,origin.list,2023-02-16 05:25:42.266306
172.255.6.235,AVAILABILITY,origin.list,2023-02-16 05:25:42.271202
23.109.87.78,AVAILABILITY,origin.list,2023-02-16 05:25:42.273162
173.237.16.207,AVAILABILITY,origin.list,2023-02-16 05:25:42.543749
23.109.87.217,AVAILABILITY,origin.list,2023-02-16 05:25:42.618361
172.255.6.152,AVAILABILITY,origin.list,2023-02-16 05:25:43.004536
142.91.159.53,AVAILABILITY,origin.list,2023-02-16 05:25:43.057985
172.255.6.230,AVAILABILITY,origin.list,2023-02-16 05:25:43.092658
142.91.159.206,AVAILABILITY,origin.list,2023-02-16 05:25:43.260128
45.133.44.1,AVAILABILITY,origin.list,2023-02-16 05:25:43.440496
45.133.44.2,AVAILABILITY,origin.list,2023-02-16 05:25:43.463896
178.253.37.99,AVAILABILITY,origin.list,2023-02-16 05:25:43.556061
23.109.248.139,AVAILABILITY,origin.list,2023-02-16 05:25:43.794031
172.255.6.147,AVAILABILITY,origin.list,2023-02-16 05:25:44.061173
142.91.159.127,AVAILABILITY,origin.list,2023-02-16 05:25:44.190225
172.255.6.255,AVAILABILITY,origin.list,2023-02-16 05:25:44.226068
142.91.159.203,AVAILABILITY,origin.list,2023-02-16 05:25:44.268552
172.255.6.36,AVAILABILITY,origin.list,2023-02-16 05:25:44.517209
23.109.87.123,AVAILABILITY,origin.list,2023-02-16 05:25:44.907379
23.109.87.118,AVAILABILITY,origin.list,2023-02-16 05:25:44.946663
188.42.84.159,AVAILABILITY,origin.list,2023-02-16 05:25:45.228435
188.42.84.109,AVAILABILITY,origin.list,2023-02-16 05:25:45.406923
45.133.44.22,AVAILABILITY,origin.list,2023-02-16 05:25:45.535750
188.42.84.4,AVAILABILITY,origin.list,2023-02-16 05:25:45.575460
23.109.248.146,AVAILABILITY,origin.list,2023-02-16 05:25:45.583626
45.133.44.21,AVAILABILITY,origin.list,2023-02-16 05:25:45.885779
45.133.44.3,AVAILABILITY,origin.list,2023-02-16 05:25:46.017419
188.42.84.135,AVAILABILITY,origin.list,2023-02-16 05:25:46.069474
23.109.87.164,AVAILABILITY,origin.list,2023-02-16 05:25:46.257569
188.42.84.201,AVAILABILITY,origin.list,2023-02-16 05:25:46.526011
23.109.248.136,AVAILABILITY,origin.list,2023-02-16 05:25:46.801220
188.42.84.138,AVAILABILITY,origin.list,2023-02-16 05:25:46.861936
203.195.121.137,AVAILABILITY,origin.list,2023-02-16 05:25:47.107391
23.109.248.156,AVAILABILITY,origin.list,2023-02-16 05:25:47.238170
188.42.84.23,AVAILABILITY,origin.list,2023-02-16 05:25:47.461629
23.109.248.174,AVAILABILITY,origin.list,2023-02-16 05:25:47.515614
45.133.44.20,AVAILABILITY,origin.list,2023-02-16 05:25:47.614549
23.109.150.185,AVAILABILITY,origin.list,2023-02-16 05:25:47.827899
188.42.84.92,AVAILABILITY,origin.list,2023-02-16 05:25:47.867502
45.133.44.30,AVAILABILITY,origin.list,2023-02-16 05:25:48.209499
23.109.248.18,AVAILABILITY,origin.list,2023-02-16 05:25:48.330122
188.42.84.217,AVAILABILITY,origin.list,2023-02-16 05:25:48.478427
23.109.248.165,AVAILABILITY,origin.list,2023-02-16 05:25:48.727360
23.109.87.71,AVAILABILITY,origin.list,2023-02-16 05:25:49.521961
23.109.248.171,AVAILABILITY,origin.list,2023-02-16 05:25:49.826589
203.195.121.170,AVAILABILITY,origin.list,2023-02-16 05:25:50.230499
23.109.82.109,AVAILABILITY,origin.list,2023-02-16 05:25:50.232577
23.109.248.131,AVAILABILITY,origin.list,2023-02-16 05:25:50.421874
45.133.44.23,AVAILABILITY,origin.list,2023-02-16 05:25:50.548665
45.133.44.10,AVAILABILITY,origin.list,2023-02-16 05:25:50.600363
45.133.44.4,AVAILABILITY,origin.list,2023-02-16 05:25:50.617177
45.133.44.43,AVAILABILITY,origin.list,2023-02-16 05:25:50.926233
45.133.44.25,AVAILABILITY,origin.list,2023-02-16 05:25:51.060244
203.195.121.35,AVAILABILITY,origin.list,2023-02-16 05:25:51.078496
203.195.121.108,AVAILABILITY,origin.list,2023-02-16 05:25:51.445699
23.109.170.48,AVAILABILITY,origin.list,2023-02-16 05:25:51.900814
23.109.82.108,AVAILABILITY,origin.list,2023-02-16 05:25:52.158502
45.133.44.9,AVAILABILITY,origin.list,2023-02-16 05:25:52.271448
45.133.44.31,AVAILABILITY,origin.list,2023-02-16 05:25:52.507351
45.133.44.42,AVAILABILITY,origin.list,2023-02-16 05:25:52.525253
45.133.44.34,AVAILABILITY,origin.list,2023-02-16 05:25:52.575655
203.195.121.139,AVAILABILITY,origin.list,2023-02-16 05:25:53.276432
23.109.82.12,AVAILABILITY,origin.list,2023-02-16 05:25:53.363554
45.133.44.24,AVAILABILITY,origin.list,2023-02-16 05:25:53.604897
23.109.82.127,AVAILABILITY,origin.list,2023-02-16 05:25:53.861183
23.109.82.146,AVAILABILITY,origin.list,2023-02-16 05:25:53.893106
23.109.82.112,AVAILABILITY,origin.list,2023-02-16 05:25:53.995227
45.133.44.35,AVAILABILITY,origin.list,2023-02-16 05:25:54.235061
203.195.121.62,AVAILABILITY,origin.list,2023-02-16 05:25:54.577365
23.109.82.125,AVAILABILITY,origin.list,2023-02-16 05:25:54.777900
23.109.248.24,AVAILABILITY,origin.list,2023-02-16 05:25:55.294279
23.109.82.77,AVAILABILITY,origin.list,2023-02-16 05:25:55.680512
23.109.82.115,AVAILABILITY,origin.list,2023-02-16 05:25:55.907336
23.109.82.173,AVAILABILITY,origin.list,2023-02-16 05:25:55.915719
23.109.87.182,AVAILABILITY,origin.list,2023-02-16 05:25:55.994754
23.109.87.175,AVAILABILITY,origin.list,2023-02-16 05:25:56.006374
23.109.82.122,AVAILABILITY,origin.list,2023-02-16 05:25:56.404675
23.109.82.126,AVAILABILITY,origin.list,2023-02-16 05:25:56.704095
23.109.87.221,AVAILABILITY,origin.list,2023-02-16 05:25:56.713599
23.109.87.48,AVAILABILITY,origin.list,2023-02-16 05:25:56.941879
23.109.82.27,AVAILABILITY,origin.list,2023-02-16 05:25:56.946296
23.109.87.75,AVAILABILITY,origin.list,2023-02-16 05:25:57.427200
23.109.82.50,AVAILABILITY,origin.list,2023-02-16 05:25:57.499667
23.109.82.120,AVAILABILITY,origin.list,2023-02-16 05:25:57.582319
23.109.82.174,AVAILABILITY,origin.list,2023-02-16 05:25:58.087043
23.109.87.211,AVAILABILITY,origin.list,2023-02-16 05:25:58.819703
23.109.87.154,AVAILABILITY,origin.list,2023-02-16 05:25:58.995915
23.109.87.108,AVAILABILITY,origin.list,2023-02-16 05:25:59.536472
23.109.82.62,AVAILABILITY,origin.list,2023-02-16 05:25:59.934821
23.109.82.236,AVAILABILITY,origin.list,2023-02-16 05:26:00.678401
23.109.87.20,AVAILABILITY,origin.list,2023-02-16 05:26:03.997709
142.91.159.140,AVAILABILITY,origin.list,2023-02-16 05:26:04.601548
23.109.87.119,AVAILABILITY,origin.list,2023-02-16 05:26:05.144903
23.109.87.15,AVAILABILITY,origin.list,2023-02-16 05:26:06.180335
23.109.82.46,AVAILABILITY,origin.list,2023-02-16 05:26:06.251358
142.91.159.170,AVAILABILITY,origin.list,2023-02-16 05:26:08.332902
172.255.6.2,AVAILABILITY,origin.list,2023-02-16 05:26:08.370065
139.45.197.4,AVAILABILITY,origin.list,2023-02-16 05:26:09.160860
23.109.87.253,AVAILABILITY,origin.list,2023-02-16 05:26:09.169490
23.109.87.227,AVAILABILITY,origin.list,2023-02-16 05:26:10.279756
142.91.159.132,AVAILABILITY,origin.list,2023-02-16 05:26:10.287287
142.91.159.146,AVAILABILITY,origin.list,2023-02-16 05:26:10.288446
23.109.248.145,AVAILABILITY,origin.list,2023-02-16 05:26:10.354981
139.45.197.5,AVAILABILITY,origin.list,2023-02-16 05:26:10.357605
23.109.87.47,AVAILABILITY,origin.list,2023-02-16 05:26:11.002228
23.109.87.250,AVAILABILITY,origin.list,2023-02-16 05:26:11.004717
142.91.159.141,AVAILABILITY,origin.list,2023-02-16 05:26:11.011733
142.91.159.134,AVAILABILITY,origin.list,2023-02-16 05:26:11.321119
142.91.159.136,AVAILABILITY,origin.list,2023-02-16 05:26:11.323320
173.237.16.120,AVAILABILITY,origin.list,2023-02-16 05:26:11.714658
142.91.159.138,AVAILABILITY,origin.list,2023-02-16 05:26:12.035307
142.91.159.147,AVAILABILITY,origin.list,2023-02-16 05:26:12.042125
142.91.159.174,AVAILABILITY,origin.list,2023-02-16 05:26:12.326682
142.91.159.173,AVAILABILITY,origin.list,2023-02-16 05:26:12.444791
142.91.159.148,AVAILABILITY,origin.list,2023-02-16 05:26:12.540424
142.91.159.150,AVAILABILITY,origin.list,2023-02-16 05:26:12.752028
172.255.6.209,AVAILABILITY,origin.list,2023-02-16 05:26:12.831479
173.237.16.36,AVAILABILITY,origin.list,2023-02-16 05:26:13.048757
142.91.159.145,AVAILABILITY,origin.list,2023-02-16 05:26:13.257670
74.117.179.27,AVAILABILITY,origin.list,2023-02-16 05:26:13.411496
142.91.159.176,AVAILABILITY,origin.list,2023-02-16 05:26:13.769189
173.237.16.78,AVAILABILITY,origin.list,2023-02-16 05:26:14.005413
173.237.16.77,AVAILABILITY,origin.list,2023-02-16 05:26:14.017858
173.237.16.25,AVAILABILITY,origin.list,2023-02-16 05:26:14.281800
173.237.16.204,AVAILABILITY,origin.list,2023-02-16 05:26:14.380123
142.91.159.177,AVAILABILITY,origin.list,2023-02-16 05:26:14.484986
173.237.16.10,AVAILABILITY,origin.list,2023-02-16 05:26:14.626495
142.91.159.171,AVAILABILITY,origin.list,2023-02-16 05:26:14.716958
173.237.16.29,AVAILABILITY,origin.list,2023-02-16 05:26:15.009520
209.192.156.108,AVAILABILITY,origin.list,2023-02-16 05:26:15.319800
172.255.6.141,AVAILABILITY,origin.list,2023-02-16 05:26:15.417763
142.91.159.155,AVAILABILITY,origin.list,2023-02-16 05:26:15.530070
172.255.6.254,AVAILABILITY,origin.list,2023-02-16 05:26:15.688398
173.237.16.39,AVAILABILITY,origin.list,2023-02-16 05:26:16.219959
209.192.156.116,AVAILABILITY,origin.list,2023-02-16 05:26:16.264034
172.255.6.47,AVAILABILITY,origin.list,2023-02-16 05:26:16.394701
172.255.6.249,AVAILABILITY,origin.list,2023-02-16 05:26:16.398608
104.233.203.145,AVAILABILITY,origin.list,2023-02-16 05:26:16.689671
173.237.16.249,AVAILABILITY,origin.list,2023-02-16 05:26:16.881714
23.109.150.133,AVAILABILITY,origin.list,2023-02-16 05:26:17.198303
172.255.6.156,AVAILABILITY,origin.list,2023-02-16 05:26:17.588315
188.42.84.208,AVAILABILITY,origin.list,2023-02-16 05:26:18.285769
188.42.84.12,AVAILABILITY,origin.list,2023-02-16 05:26:18.637121
23.109.150.135,AVAILABILITY,origin.list,2023-02-16 05:26:22.373074
188.42.84.8,AVAILABILITY,origin.list,2023-02-16 05:26:22.781602
188.42.84.142,AVAILABILITY,origin.list,2023-02-16 05:26:23.412972
209.192.156.100,AVAILABILITY,origin.list,2023-02-16 05:26:23.579708
146.70.124.71,AVAILABILITY,origin.list,2023-02-16 05:26:29.284756
43.132.207.209,AVAILABILITY,origin.list,2023-02-16 05:26:29.795569
188.42.84.14,AVAILABILITY,origin.list,2023-02-16 05:26:38.222317
103.145.63.170,AVAILABILITY,origin.list,2023-02-16 05:26:44.777838
45.135.134.211,AVAILABILITY,origin.list,2023-02-17 05:19:54.649468
103.145.63.11,AVAILABILITY,origin.list,2023-02-17 05:20:21.722856
156.236.69.89,AVAILABILITY,origin.list,2023-02-17 05:20:51.175126
173.237.16.252,AVAILABILITY,origin.list,2023-02-17 05:21:20.797885
173.237.16.30,AVAILABILITY,origin.list,2023-02-17 05:21:20.928558
173.237.16.72,AVAILABILITY,origin.list,2023-02-17 05:21:21.608655
173.237.16.247,AVAILABILITY,origin.list,2023-02-17 05:21:21.650392
173.237.16.95,AVAILABILITY,origin.list,2023-02-17 05:21:22.343915
118.107.254.140,AVAILABILITY,origin.list,2023-02-17 05:21:26.240437
118.107.254.142,AVAILABILITY,origin.list,2023-02-17 05:21:26.647780
156.236.69.23,AVAILABILITY,origin.list,2023-02-17 05:21:29.858663
118.107.254.143,AVAILABILITY,origin.list,2023-02-17 05:21:32.827965
118.107.254.139,AVAILABILITY,origin.list,2023-02-17 05:21:33.438690
118.107.254.138,AVAILABILITY,origin.list,2023-02-17 05:21:33.533175
118.107.254.147,AVAILABILITY,origin.list,2023-02-17 05:21:34.084317
206.119.115.113,AVAILABILITY,origin.list,2023-02-17 05:21:34.354849
118.107.254.148,AVAILABILITY,origin.list,2023-02-17 05:21:34.757310
118.107.254.145,AVAILABILITY,origin.list,2023-02-17 05:21:35.032047
118.107.254.153,AVAILABILITY,origin.list,2023-02-17 05:21:35.422690
182.23.209.101,AVAILABILITY,origin.list,2023-02-17 05:21:35.822186
118.107.254.146,AVAILABILITY,origin.list,2023-02-17 05:21:35.913452
118.107.254.156,AVAILABILITY,origin.list,2023-02-17 05:21:36.209612
45.87.118.235,AVAILABILITY,origin.list,2023-02-17 05:21:36.475671
182.23.209.112,AVAILABILITY,origin.list,2023-02-17 05:21:36.731699
45.87.118.234,AVAILABILITY,origin.list,2023-02-17 05:21:37.077475
182.23.209.122,AVAILABILITY,origin.list,2023-02-17 05:21:37.410164
45.87.118.237,AVAILABILITY,origin.list,2023-02-17 05:21:37.456593
45.87.118.236,AVAILABILITY,origin.list,2023-02-17 05:21:37.760392
182.23.209.111,AVAILABILITY,origin.list,2023-02-17 05:21:38.105153
45.87.118.238,AVAILABILITY,origin.list,2023-02-17 05:21:38.349778
45.87.118.239,AVAILABILITY,origin.list,2023-02-17 05:21:38.693082
182.23.209.40,AVAILABILITY,origin.list,2023-02-17 05:21:38.940717
45.87.118.240,AVAILABILITY,origin.list,2023-02-17 05:21:39.082206
209.192.156.20,AVAILABILITY,origin.list,2023-02-17 05:21:39.243603
45.87.118.242,AVAILABILITY,origin.list,2023-02-17 05:21:39.317025
182.23.209.73,AVAILABILITY,origin.list,2023-02-17 05:21:39.643954
23.109.87.127,AVAILABILITY,origin.list,2023-02-17 05:21:39.701136
23.109.87.126,AVAILABILITY,origin.list,2023-02-17 05:21:39.735413
23.109.248.129,AVAILABILITY,origin.list,2023-02-17 05:21:39.947178
23.109.87.213,AVAILABILITY,origin.list,2023-02-17 05:21:40.098444
23.109.87.2,AVAILABILITY,origin.list,2023-02-17 05:21:40.381132
23.109.87.128,AVAILABILITY,origin.list,2023-02-17 05:21:40.676933
23.109.87.139,AVAILABILITY,origin.list,2023-02-17 05:21:40.726572
45.87.118.241,AVAILABILITY,origin.list,2023-02-17 05:21:41.357871
45.135.120.102,AVAILABILITY,origin.list,2023-02-17 05:21:41.532380
45.135.120.106,AVAILABILITY,origin.list,2023-02-17 05:21:41.661859
45.87.118.243,AVAILABILITY,origin.list,2023-02-17 05:21:42.011051
216.83.54.188,AVAILABILITY,origin.list,2023-02-17 05:21:42.037460
45.135.120.104,AVAILABILITY,origin.list,2023-02-17 05:21:42.288973
45.135.120.105,AVAILABILITY,origin.list,2023-02-17 05:21:42.600177
216.83.54.163,AVAILABILITY,origin.list,2023-02-17 05:21:42.606507
45.135.120.103,AVAILABILITY,origin.list,2023-02-17 05:21:42.907091
45.135.120.108,AVAILABILITY,origin.list,2023-02-17 05:21:42.948303
45.135.120.117,AVAILABILITY,origin.list,2023-02-17 05:21:43.464190
45.152.86.98,AVAILABILITY,origin.list,2023-02-17 05:21:43.641532
45.135.120.113,AVAILABILITY,origin.list,2023-02-17 05:21:43.863135
45.135.120.107,AVAILABILITY,origin.list,2023-02-17 05:21:44.326234
45.135.120.121,AVAILABILITY,origin.list,2023-02-17 05:21:44.512096
45.135.120.114,AVAILABILITY,origin.list,2023-02-17 05:21:44.716694
216.83.58.156,AVAILABILITY,origin.list,2023-02-17 05:21:44.722398
45.135.120.119,AVAILABILITY,origin.list,2023-02-17 05:21:45.185548
45.135.120.122,AVAILABILITY,origin.list,2023-02-17 05:21:45.452730
45.135.120.110,AVAILABILITY,origin.list,2023-02-17 05:21:45.649468
216.83.57.149,AVAILABILITY,origin.list,2023-02-17 05:21:45.866066
45.135.120.111,AVAILABILITY,origin.list,2023-02-17 05:21:46.397834
45.135.120.124,AVAILABILITY,origin.list,2023-02-17 05:21:46.741247
45.135.120.115,AVAILABILITY,origin.list,2023-02-17 05:21:47.181079
45.135.120.112,AVAILABILITY,origin.list,2023-02-17 05:21:48.045405
216.83.57.147,AVAILABILITY,origin.list,2023-02-17 05:21:48.316425
45.135.120.12,AVAILABILITY,origin.list,2023-02-17 05:21:48.896198
45.135.120.118,AVAILABILITY,origin.list,2023-02-17 05:21:49.276712
216.118.240.19,AVAILABILITY,origin.list,2023-02-17 05:21:49.833016
45.135.120.120,AVAILABILITY,origin.list,2023-02-17 05:21:49.836191
216.118.240.203,AVAILABILITY,origin.list,2023-02-17 05:21:50.092205
45.135.120.109,AVAILABILITY,origin.list,2023-02-17 05:21:50.200289
45.135.120.131,AVAILABILITY,origin.list,2023-02-17 05:21:50.759115
45.135.120.130,AVAILABILITY,origin.list,2023-02-17 05:21:51.047693
45.135.120.116,AVAILABILITY,origin.list,2023-02-17 05:21:51.135749
216.118.240.205,AVAILABILITY,origin.list,2023-02-17 05:21:51.308699
45.135.120.123,AVAILABILITY,origin.list,2023-02-17 05:21:51.626402
45.135.120.139,AVAILABILITY,origin.list,2023-02-17 05:21:51.844516
45.135.120.132,AVAILABILITY,origin.list,2023-02-17 05:21:52.066974
45.135.120.138,AVAILABILITY,origin.list,2023-02-17 05:21:52.254974
216.83.57.146,AVAILABILITY,origin.list,2023-02-17 05:21:52.345148
45.135.120.125,AVAILABILITY,origin.list,2023-02-17 05:21:52.721264
45.135.120.126,AVAILABILITY,origin.list,2023-02-17 05:21:53.010948
45.135.120.136,AVAILABILITY,origin.list,2023-02-17 05:21:53.109103
45.135.120.127,AVAILABILITY,origin.list,2023-02-17 05:21:53.269550
45.135.120.128,AVAILABILITY,origin.list,2023-02-17 05:21:53.999120
45.135.120.149,AVAILABILITY,origin.list,2023-02-17 05:21:54.128665
45.135.120.142,AVAILABILITY,origin.list,2023-02-17 05:21:54.934674
45.135.120.137,AVAILABILITY,origin.list,2023-02-17 05:21:54.991931
198.16.35.46,AVAILABILITY,origin.list,2023-02-17 05:21:55.167588
198.16.35.45,AVAILABILITY,origin.list,2023-02-17 05:21:55.648843
45.135.120.140,AVAILABILITY,origin.list,2023-02-17 05:21:55.799739
45.135.120.147,AVAILABILITY,origin.list,2023-02-17 05:21:55.925874
45.135.120.146,AVAILABILITY,origin.list,2023-02-17 05:21:56.018924
216.118.240.20,AVAILABILITY,origin.list,2023-02-17 05:21:56.100365
45.135.120.155,AVAILABILITY,origin.list,2023-02-17 05:21:56.571784
45.135.120.141,AVAILABILITY,origin.list,2023-02-17 05:21:56.854345
45.135.120.167,AVAILABILITY,origin.list,2023-02-17 05:21:57.048304
45.135.120.169,AVAILABILITY,origin.list,2023-02-17 05:21:57.426108
45.135.120.2,AVAILABILITY,origin.list,2023-02-17 05:21:57.716915
45.135.120.150,AVAILABILITY,origin.list,2023-02-17 05:21:58.356487
45.135.120.19,AVAILABILITY,origin.list,2023-02-17 05:21:58.670925
45.135.120.143,AVAILABILITY,origin.list,2023-02-17 05:21:59.284499
198.16.35.44,AVAILABILITY,origin.list,2023-02-17 05:21:59.444598
45.135.120.20,AVAILABILITY,origin.list,2023-02-17 05:21:59.593478
45.135.120.251,AVAILABILITY,origin.list,2023-02-17 05:22:00.306403
45.135.120.15,AVAILABILITY,origin.list,2023-02-17 05:22:03.179433
139.45.197.189,AVAILABILITY,origin.list,2023-02-17 05:22:06.239494
182.23.209.115,AVAILABILITY,origin.list,2023-02-17 05:22:06.443233
45.135.120.145,AVAILABILITY,origin.list,2023-02-17 05:22:10.497169
45.135.120.170,AVAILABILITY,origin.list,2023-02-17 05:22:11.230194
45.135.120.30,AVAILABILITY,origin.list,2023-02-17 05:22:12.079049
45.135.120.25,AVAILABILITY,origin.list,2023-02-17 05:22:14.081792
45.135.120.23,AVAILABILITY,origin.list,2023-02-17 05:22:17.193400
45.135.120.33,AVAILABILITY,origin.list,2023-02-17 05:22:21.325827
45.135.120.26,AVAILABILITY,origin.list,2023-02-17 05:22:22.070870
182.23.209.71,AVAILABILITY,origin.list,2023-02-17 05:22:27.423542
45.135.120.252,AVAILABILITY,origin.list,2023-02-17 05:22:32.201746
45.135.120.34,AVAILABILITY,origin.list,2023-02-17 05:22:32.885310
182.23.209.77,AVAILABILITY,origin.list,2023-02-17 05:22:34.400912
182.23.209.75,AVAILABILITY,origin.list,2023-02-17 05:22:37.567707
198.16.35.43,AVAILABILITY,origin.list,2023-02-17 05:22:39.750676
45.135.120.29,AVAILABILITY,origin.list,2023-02-17 05:22:43.110635
45.135.120.16,AVAILABILITY,origin.list,2023-02-17 05:22:43.636649
45.135.120.21,AVAILABILITY,origin.list,2023-02-17 05:22:45.160446
45.135.120.4,AVAILABILITY,origin.list,2023-02-17 05:22:45.676536
45.135.120.35,AVAILABILITY,origin.list,2023-02-17 05:22:53.924995
45.135.120.43,AVAILABILITY,origin.list,2023-02-17 05:22:54.522111
45.135.120.22,AVAILABILITY,origin.list,2023-02-17 05:22:56.054461
45.135.120.40,AVAILABILITY,origin.list,2023-02-17 05:22:56.555030
182.23.209.80,AVAILABILITY,origin.list,2023-02-17 05:22:57.827567
45.135.120.44,AVAILABILITY,origin.list,2023-02-17 05:23:05.406651
45.135.120.46,AVAILABILITY,origin.list,2023-02-17 05:23:07.247880
45.135.120.48,AVAILABILITY,origin.list,2023-02-17 05:23:07.458453
45.135.120.5,AVAILABILITY,origin.list,2023-02-17 05:23:08.724785
182.23.209.98,AVAILABILITY,origin.list,2023-02-17 05:23:14.360859
45.135.120.41,AVAILABILITY,origin.list,2023-02-17 05:23:19.618845
43.225.136.165,AVAILABILITY,origin.list,2023-02-17 05:23:22.802087
43.225.136.57,AVAILABILITY,origin.list,2023-02-17 05:23:25.736605
43.225.136.237,AVAILABILITY,origin.list,2023-02-17 05:23:27.560930
45.135.120.31,AVAILABILITY,origin.list,2023-02-17 05:23:30.513974
23.109.82.251,AVAILABILITY,origin.list,2023-02-17 05:23:34.818435
155.94.158.15,AVAILABILITY,origin.list,2023-02-17 05:23:44.076598
43.225.136.115,AVAILABILITY,origin.list,2023-02-17 05:23:46.058621
43.225.136.127,AVAILABILITY,origin.list,2023-02-17 05:23:47.968862
45.135.120.42,AVAILABILITY,origin.list,2023-02-17 05:23:49.991510
43.225.136.210,AVAILABILITY,origin.list,2023-02-17 05:23:50.772526
43.225.136.182,AVAILABILITY,origin.list,2023-02-17 05:23:55.145337
45.135.120.50,AVAILABILITY,origin.list,2023-02-17 05:23:58.782926
45.135.120.49,AVAILABILITY,origin.list,2023-02-17 05:24:01.590407
45.135.120.47,AVAILABILITY,origin.list,2023-02-17 05:24:03.582174
45.135.120.51,AVAILABILITY,origin.list,2023-02-17 05:24:03.643971
8.210.100.142,AVAILABILITY,origin.list,2023-02-17 05:24:03.865016
45.135.120.53,AVAILABILITY,origin.list,2023-02-17 05:24:04.439894
45.135.120.45,AVAILABILITY,origin.list,2023-02-17 05:24:04.516275
45.135.120.55,AVAILABILITY,origin.list,2023-02-17 05:24:05.312071
45.135.120.6,AVAILABILITY,origin.list,2023-02-17 05:24:06.171693
43.225.136.145,AVAILABILITY,origin.list,2023-02-17 05:24:06.319136
45.135.120.27,AVAILABILITY,origin.list,2023-02-17 05:24:07.027275
45.135.120.57,AVAILABILITY,origin.list,2023-02-17 05:24:07.125108
45.135.120.52,AVAILABILITY,origin.list,2023-02-17 05:24:07.971438
45.135.120.61,AVAILABILITY,origin.list,2023-02-17 05:24:08.898484
45.135.120.69,AVAILABILITY,origin.list,2023-02-17 05:24:09.828726
43.225.136.194,AVAILABILITY,origin.list,2023-02-17 05:24:10.255063
45.135.120.64,AVAILABILITY,origin.list,2023-02-17 05:24:10.762666
45.135.120.36,AVAILABILITY,origin.list,2023-02-17 05:24:11.125257
45.135.120.74,AVAILABILITY,origin.list,2023-02-17 05:24:11.695376
45.135.120.70,AVAILABILITY,origin.list,2023-02-17 05:24:12.075804
45.135.120.65,AVAILABILITY,origin.list,2023-02-17 05:24:12.550828
45.135.120.71,AVAILABILITY,origin.list,2023-02-17 05:24:13.018631
45.135.120.66,AVAILABILITY,origin.list,2023-02-17 05:24:13.494857
45.135.120.72,AVAILABILITY,origin.list,2023-02-17 05:24:13.889072
43.225.136.198,AVAILABILITY,origin.list,2023-02-17 05:24:14.248703
45.135.120.76,AVAILABILITY,origin.list,2023-02-17 05:24:14.416815
45.135.120.75,AVAILABILITY,origin.list,2023-02-17 05:24:14.821216
43.225.136.206,AVAILABILITY,origin.list,2023-02-17 05:24:15.028300
45.135.120.62,AVAILABILITY,origin.list,2023-02-17 05:24:15.105069
45.135.120.86,AVAILABILITY,origin.list,2023-02-17 05:24:15.284062
45.135.120.7,AVAILABILITY,origin.list,2023-02-17 05:24:15.689151
45.135.120.77,AVAILABILITY,origin.list,2023-02-17 05:24:15.891567
45.135.120.59,AVAILABILITY,origin.list,2023-02-17 05:24:15.891359
45.135.120.78,AVAILABILITY,origin.list,2023-02-17 05:24:16.158494
45.135.120.60,AVAILABILITY,origin.list,2023-02-17 05:24:16.629132
45.135.120.73,AVAILABILITY,origin.list,2023-02-17 05:24:16.824664
45.135.120.79,AVAILABILITY,origin.list,2023-02-17 05:24:16.828979
45.135.120.83,AVAILABILITY,origin.list,2023-02-17 05:24:17.082490
45.135.120.85,AVAILABILITY,origin.list,2023-02-17 05:24:17.421485
43.225.136.222,AVAILABILITY,origin.list,2023-02-17 05:24:17.523988
45.135.120.80,AVAILABILITY,origin.list,2023-02-17 05:24:17.687081
45.135.120.90,AVAILABILITY,origin.list,2023-02-17 05:24:17.760459
45.135.120.56,AVAILABILITY,origin.list,2023-02-17 05:24:17.876935
45.135.120.88,AVAILABILITY,origin.list,2023-02-17 05:24:18.351139
45.135.120.87,AVAILABILITY,origin.list,2023-02-17 05:24:18.410858
45.135.121.1,AVAILABILITY,origin.list,2023-02-17 05:24:18.584810
45.135.120.8,AVAILABILITY,origin.list,2023-02-17 05:24:18.705287
45.135.120.81,AVAILABILITY,origin.list,2023-02-17 05:24:18.828712
45.135.120.82,AVAILABILITY,origin.list,2023-02-17 05:24:19.210187
45.135.120.93,AVAILABILITY,origin.list,2023-02-17 05:24:19.437779
45.135.121.10,AVAILABILITY,origin.list,2023-02-17 05:24:19.534833
45.135.121.104,AVAILABILITY,origin.list,2023-02-17 05:24:20.047057
45.135.120.84,AVAILABILITY,origin.list,2023-02-17 05:24:20.220731
45.135.120.89,AVAILABILITY,origin.list,2023-02-17 05:24:20.476967
45.135.120.97,AVAILABILITY,origin.list,2023-02-17 05:24:20.997002
45.135.120.96,AVAILABILITY,origin.list,2023-02-17 05:24:21.147694
45.135.121.102,AVAILABILITY,origin.list,2023-02-17 05:24:21.239093
45.135.120.63,AVAILABILITY,origin.list,2023-02-17 05:24:21.935581
45.135.120.91,AVAILABILITY,origin.list,2023-02-17 05:24:22.082538
45.135.120.98,AVAILABILITY,origin.list,2023-02-17 05:24:22.410818
45.135.121.13,AVAILABILITY,origin.list,2023-02-17 05:24:22.844305
45.135.121.101,AVAILABILITY,origin.list,2023-02-17 05:24:22.987020
45.135.121.103,AVAILABILITY,origin.list,2023-02-17 05:24:23.309110
45.135.121.107,AVAILABILITY,origin.list,2023-02-17 05:24:23.745230
45.135.121.106,AVAILABILITY,origin.list,2023-02-17 05:24:23.818994
45.135.121.165,AVAILABILITY,origin.list,2023-02-17 05:24:24.141481
45.135.120.92,AVAILABILITY,origin.list,2023-02-17 05:24:24.177925
45.135.121.33,AVAILABILITY,origin.list,2023-02-17 05:24:24.646860
45.135.121.243,AVAILABILITY,origin.list,2023-02-17 05:24:24.722531
45.135.121.53,AVAILABILITY,origin.list,2023-02-17 05:24:25.022815
45.135.121.27,AVAILABILITY,origin.list,2023-02-17 05:24:25.054947
45.135.120.95,AVAILABILITY,origin.list,2023-02-17 05:24:25.526641
45.135.121.36,AVAILABILITY,origin.list,2023-02-17 05:24:25.560436
43.225.136.87,AVAILABILITY,origin.list,2023-02-17 05:24:29.215415
45.135.121.56,AVAILABILITY,origin.list,2023-02-17 05:24:35.845726
45.135.121.41,AVAILABILITY,origin.list,2023-02-17 05:24:35.888188
45.135.121.60,AVAILABILITY,origin.list,2023-02-17 05:24:36.166367
45.135.120.99,AVAILABILITY,origin.list,2023-02-17 05:24:36.281228
45.135.121.105,AVAILABILITY,origin.list,2023-02-17 05:24:36.357436
45.135.121.57,AVAILABILITY,origin.list,2023-02-17 05:24:36.617118
45.135.121.67,AVAILABILITY,origin.list,2023-02-17 05:24:36.793139
45.135.121.62,AVAILABILITY,origin.list,2023-02-17 05:24:41.978366
45.135.121.68,AVAILABILITY,origin.list,2023-02-17 05:24:44.483118
45.135.121.9,AVAILABILITY,origin.list,2023-02-17 05:24:44.487952
45.135.121.83,AVAILABILITY,origin.list,2023-02-17 05:24:44.490162
45.135.121.133,AVAILABILITY,origin.list,2023-02-17 05:24:44.490937
45.135.121.95,AVAILABILITY,origin.list,2023-02-17 05:24:44.516767
45.135.121.92,AVAILABILITY,origin.list,2023-02-17 05:24:45.334921
45.135.122.10,AVAILABILITY,origin.list,2023-02-17 05:24:45.399219
45.135.122.112,AVAILABILITY,origin.list,2023-02-17 05:24:45.403192
45.135.121.96,AVAILABILITY,origin.list,2023-02-17 05:24:45.404101
45.135.121.94,AVAILABILITY,origin.list,2023-02-17 05:24:45.416162
45.135.122.114,AVAILABILITY,origin.list,2023-02-17 05:24:46.247916
45.135.122.110,AVAILABILITY,origin.list,2023-02-17 05:24:46.325083
45.135.121.97,AVAILABILITY,origin.list,2023-02-17 05:24:46.339379
45.135.122.125,AVAILABILITY,origin.list,2023-02-17 05:24:47.154827
45.135.122.113,AVAILABILITY,origin.list,2023-02-17 05:24:47.232136
45.135.122.13,AVAILABILITY,origin.list,2023-02-17 05:24:47.252717
45.135.122.116,AVAILABILITY,origin.list,2023-02-17 05:24:47.985810
45.135.122.140,AVAILABILITY,origin.list,2023-02-17 05:24:48.082865
45.135.122.115,AVAILABILITY,origin.list,2023-02-17 05:24:48.134169
45.135.120.9,AVAILABILITY,origin.list,2023-02-17 05:24:48.840726
45.135.122.12,AVAILABILITY,origin.list,2023-02-17 05:24:48.959553
45.135.122.141,AVAILABILITY,origin.list,2023-02-17 05:24:49.678401
45.135.122.127,AVAILABILITY,origin.list,2023-02-17 05:24:49.796452
45.135.122.153,AVAILABILITY,origin.list,2023-02-17 05:24:50.513553
45.135.122.156,AVAILABILITY,origin.list,2023-02-17 05:24:50.714571
45.135.122.142,AVAILABILITY,origin.list,2023-02-17 05:24:51.412756
45.135.122.15,AVAILABILITY,origin.list,2023-02-17 05:24:51.629266
45.135.122.161,AVAILABILITY,origin.list,2023-02-17 05:24:52.242577
45.135.122.162,AVAILABILITY,origin.list,2023-02-17 05:24:52.410240
45.135.122.166,AVAILABILITY,origin.list,2023-02-17 05:24:53.091548
45.135.122.16,AVAILABILITY,origin.list,2023-02-17 05:24:53.923475
45.135.122.160,AVAILABILITY,origin.list,2023-02-17 05:24:54.690348
43.225.136.241,AVAILABILITY,origin.list,2023-02-17 05:24:55.660618
134.122.173.117,AVAILABILITY,origin.list,2023-02-17 05:24:55.760762
45.135.122.165,AVAILABILITY,origin.list,2023-02-17 05:24:56.528505
45.135.122.168,AVAILABILITY,origin.list,2023-02-17 05:24:56.564331
45.135.122.164,AVAILABILITY,origin.list,2023-02-17 05:24:57.358067
45.135.122.17,AVAILABILITY,origin.list,2023-02-17 05:24:57.398041
45.135.122.170,AVAILABILITY,origin.list,2023-02-17 05:24:58.185915
45.135.122.176,AVAILABILITY,origin.list,2023-02-17 05:24:58.234053
139.45.197.123,AVAILABILITY,origin.list,2023-02-17 05:24:58.432689
45.135.122.175,AVAILABILITY,origin.list,2023-02-17 05:24:58.991624
45.135.122.178,AVAILABILITY,origin.list,2023-02-17 05:24:59.021446
45.135.122.19,AVAILABILITY,origin.list,2023-02-17 05:24:59.339867
45.135.122.177,AVAILABILITY,origin.list,2023-02-17 05:24:59.831409
45.135.122.184,AVAILABILITY,origin.list,2023-02-17 05:25:00.179252
45.135.122.191,AVAILABILITY,origin.list,2023-02-17 05:25:00.663761
45.135.122.193,AVAILABILITY,origin.list,2023-02-17 05:25:01.012428
45.135.122.18,AVAILABILITY,origin.list,2023-02-17 05:25:01.493185
45.135.122.195,AVAILABILITY,origin.list,2023-02-17 05:25:01.856535
45.135.122.189,AVAILABILITY,origin.list,2023-02-17 05:25:02.337454
45.135.122.198,AVAILABILITY,origin.list,2023-02-17 05:25:02.688876
139.45.197.144,AVAILABILITY,origin.list,2023-02-17 05:25:02.858341
45.135.122.196,AVAILABILITY,origin.list,2023-02-17 05:25:03.111861
45.135.122.20,AVAILABILITY,origin.list,2023-02-17 05:25:03.520414
45.135.122.201,AVAILABILITY,origin.list,2023-02-17 05:25:04.012979
45.135.122.202,AVAILABILITY,origin.list,2023-02-17 05:25:04.836456
139.45.197.124,AVAILABILITY,origin.list,2023-02-17 05:25:05.057013
45.135.122.21,AVAILABILITY,origin.list,2023-02-17 05:25:05.596874
45.135.122.213,AVAILABILITY,origin.list,2023-02-17 05:25:05.892150
45.135.122.206,AVAILABILITY,origin.list,2023-02-17 05:25:06.433085
45.135.122.216,AVAILABILITY,origin.list,2023-02-17 05:25:06.803211
45.135.122.203,AVAILABILITY,origin.list,2023-02-17 05:25:07.196555
45.135.122.214,AVAILABILITY,origin.list,2023-02-17 05:25:07.653379
45.135.122.221,AVAILABILITY,origin.list,2023-02-17 05:25:08.033170
45.135.122.219,AVAILABILITY,origin.list,2023-02-17 05:25:08.419764
45.135.122.22,AVAILABILITY,origin.list,2023-02-17 05:25:08.800881
139.45.197.147,AVAILABILITY,origin.list,2023-02-17 05:25:09.326396
45.135.122.215,AVAILABILITY,origin.list,2023-02-17 05:25:09.643634
45.135.122.224,AVAILABILITY,origin.list,2023-02-17 05:25:10.155649
45.135.122.227,AVAILABILITY,origin.list,2023-02-17 05:25:10.421903
45.135.122.225,AVAILABILITY,origin.list,2023-02-17 05:25:11.068550
45.135.122.228,AVAILABILITY,origin.list,2023-02-17 05:25:11.189984
45.135.122.226,AVAILABILITY,origin.list,2023-02-17 05:25:11.842011
45.135.122.236,AVAILABILITY,origin.list,2023-02-17 05:25:12.025064
45.135.122.23,AVAILABILITY,origin.list,2023-02-17 05:25:12.760588
45.135.122.27,AVAILABILITY,origin.list,2023-02-17 05:25:12.791592
139.45.197.255,AVAILABILITY,origin.list,2023-02-17 05:25:13.284553
45.135.122.34,AVAILABILITY,origin.list,2023-02-17 05:25:13.605109
45.135.122.220,AVAILABILITY,origin.list,2023-02-17 05:25:13.620617
139.45.197.73,AVAILABILITY,origin.list,2023-02-17 05:25:13.812634
45.135.122.25,AVAILABILITY,origin.list,2023-02-17 05:25:14.068969
45.135.122.37,AVAILABILITY,origin.list,2023-02-17 05:25:14.398895
45.135.122.239,AVAILABILITY,origin.list,2023-02-17 05:25:14.713484
45.135.122.36,AVAILABILITY,origin.list,2023-02-17 05:25:14.840051
45.135.122.232,AVAILABILITY,origin.list,2023-02-17 05:25:15.300721
45.135.122.26,AVAILABILITY,origin.list,2023-02-17 05:25:15.543211
45.135.122.56,AVAILABILITY,origin.list,2023-02-17 05:25:15.680100
45.135.122.238,AVAILABILITY,origin.list,2023-02-17 05:25:16.134382
45.135.123.10,AVAILABILITY,origin.list,2023-02-17 05:25:16.603025
45.135.122.9,AVAILABILITY,origin.list,2023-02-17 05:25:17.437947
139.45.197.93,AVAILABILITY,origin.list,2023-02-17 05:25:18.715380
45.135.122.4,AVAILABILITY,origin.list,2023-02-17 05:25:19.617491
45.135.123.115,AVAILABILITY,origin.list,2023-02-17 05:25:20.449756
45.135.123.108,AVAILABILITY,origin.list,2023-02-17 05:25:21.221874
45.135.123.104,AVAILABILITY,origin.list,2023-02-17 05:25:21.985084
45.135.122.39,AVAILABILITY,origin.list,2023-02-17 05:25:22.837826
45.135.123.112,AVAILABILITY,origin.list,2023-02-17 05:25:23.679643
139.45.197.80,AVAILABILITY,origin.list,2023-02-17 05:25:23.983930
45.135.123.102,AVAILABILITY,origin.list,2023-02-17 05:25:24.586871
45.135.123.106,AVAILABILITY,origin.list,2023-02-17 05:25:24.759420
45.135.122.33,AVAILABILITY,origin.list,2023-02-17 05:25:25.421101
45.135.123.111,AVAILABILITY,origin.list,2023-02-17 05:25:25.526688
188.42.84.10,AVAILABILITY,origin.list,2023-02-17 05:25:26.184042
45.135.123.110,AVAILABILITY,origin.list,2023-02-17 05:25:26.297488
45.135.123.109,AVAILABILITY,origin.list,2023-02-17 05:25:26.327334
188.42.84.115,AVAILABILITY,origin.list,2023-02-17 05:25:26.903219
45.135.123.103,AVAILABILITY,origin.list,2023-02-17 05:25:27.018384
45.135.123.117,AVAILABILITY,origin.list,2023-02-17 05:25:27.096082
45.135.123.105,AVAILABILITY,origin.list,2023-02-17 05:25:27.148018
45.135.123.101,AVAILABILITY,origin.list,2023-02-17 05:25:27.745241
45.135.123.124,AVAILABILITY,origin.list,2023-02-17 05:25:27.785452
188.42.84.113,AVAILABILITY,origin.list,2023-02-17 05:25:27.936776
45.135.123.100,AVAILABILITY,origin.list,2023-02-17 05:25:27.980673
45.135.123.125,AVAILABILITY,origin.list,2023-02-17 05:25:28.522402
45.135.123.120,AVAILABILITY,origin.list,2023-02-17 05:25:28.619140
45.135.123.122,AVAILABILITY,origin.list,2023-02-17 05:25:28.700349
45.135.123.121,AVAILABILITY,origin.list,2023-02-17 05:25:28.764834
45.135.123.113,AVAILABILITY,origin.list,2023-02-17 05:25:29.356298
45.135.123.116,AVAILABILITY,origin.list,2023-02-17 05:25:29.453397
45.135.123.140,AVAILABILITY,origin.list,2023-02-17 05:25:29.545015
45.135.123.131,AVAILABILITY,origin.list,2023-02-17 05:25:30.123687
45.135.123.127,AVAILABILITY,origin.list,2023-02-17 05:25:30.218484
45.135.123.123,AVAILABILITY,origin.list,2023-02-17 05:25:30.961714
45.135.123.126,AVAILABILITY,origin.list,2023-02-17 05:25:30.982698
45.135.123.136,AVAILABILITY,origin.list,2023-02-17 05:25:31.726426
45.135.123.130,AVAILABILITY,origin.list,2023-02-17 05:25:31.757011
45.135.123.129,AVAILABILITY,origin.list,2023-02-17 05:25:32.520945
45.135.123.139,AVAILABILITY,origin.list,2023-02-17 05:25:32.640079
45.135.123.128,AVAILABILITY,origin.list,2023-02-17 05:25:33.288170
45.135.123.15,AVAILABILITY,origin.list,2023-02-17 05:25:33.403166
45.135.123.142,AVAILABILITY,origin.list,2023-02-17 05:25:34.124756
45.135.123.132,AVAILABILITY,origin.list,2023-02-17 05:25:34.170299
45.135.123.118,AVAILABILITY,origin.list,2023-02-17 05:25:34.967058
45.135.123.141,AVAILABILITY,origin.list,2023-02-17 05:25:35.007394
45.135.123.146,AVAILABILITY,origin.list,2023-02-17 05:25:35.799022
45.135.123.138,AVAILABILITY,origin.list,2023-02-17 05:25:35.847515
45.135.123.171,AVAILABILITY,origin.list,2023-02-17 05:25:36.570002
45.135.123.137,AVAILABILITY,origin.list,2023-02-17 05:25:36.681595
45.135.123.16,AVAILABILITY,origin.list,2023-02-17 05:25:37.470372
45.135.123.144,AVAILABILITY,origin.list,2023-02-17 05:25:37.513741
188.42.84.116,AVAILABILITY,origin.list,2023-02-17 05:25:37.716054
45.135.123.145,AVAILABILITY,origin.list,2023-02-17 05:25:38.282072
45.135.123.143,AVAILABILITY,origin.list,2023-02-17 05:25:38.325462
45.135.123.167,AVAILABILITY,origin.list,2023-02-17 05:25:38.567301
188.42.84.139,AVAILABILITY,origin.list,2023-02-17 05:25:39.267968
45.135.121.206,AVAILABILITY,origin.list,2023-02-17 05:25:40.035603
188.42.84.117,AVAILABILITY,origin.list,2023-02-17 05:25:40.104104
188.42.84.13,AVAILABILITY,origin.list,2023-02-17 05:25:48.842750
188.42.84.140,AVAILABILITY,origin.list,2023-02-17 05:25:48.875234
188.42.84.146,AVAILABILITY,origin.list,2023-02-17 05:25:49.127018
45.135.123.177,AVAILABILITY,origin.list,2023-02-17 05:25:49.684838
45.150.232.112,AVAILABILITY,origin.list,2023-02-17 05:25:49.743151
188.42.84.141,AVAILABILITY,origin.list,2023-02-17 05:25:50.596423
188.42.84.145,AVAILABILITY,origin.list,2023-02-17 05:25:50.841016
45.135.123.66,AVAILABILITY,origin.list,2023-02-17 05:25:51.364535
188.42.84.15,AVAILABILITY,origin.list,2023-02-17 05:25:59.665379
188.42.84.224,AVAILABILITY,origin.list,2023-02-17 05:26:00.283564
188.42.84.144,AVAILABILITY,origin.list,2023-02-17 05:26:00.423483
45.150.232.12,AVAILABILITY,origin.list,2023-02-17 05:26:00.467829
45.150.232.125,AVAILABILITY,origin.list,2023-02-17 05:26:01.232816
45.150.232.132,AVAILABILITY,origin.list,2023-02-17 05:26:01.268927
188.42.84.203,AVAILABILITY,origin.list,2023-02-17 05:26:01.421618
188.42.84.205,AVAILABILITY,origin.list,2023-02-17 05:26:01.914697
45.150.232.133,AVAILABILITY,origin.list,2023-02-17 05:26:02.103968
45.150.232.120,AVAILABILITY,origin.list,2023-02-17 05:26:02.984973
45.150.232.134,AVAILABILITY,origin.list,2023-02-17 05:26:03.795833
45.150.232.15,AVAILABILITY,origin.list,2023-02-17 05:26:04.665889
45.150.232.163,AVAILABILITY,origin.list,2023-02-17 05:26:05.476974
188.42.84.206,AVAILABILITY,origin.list,2023-02-17 05:26:10.840209
45.150.232.159,AVAILABILITY,origin.list,2023-02-17 05:26:11.710277
188.42.84.222,AVAILABILITY,origin.list,2023-02-17 05:26:11.963074
188.42.84.207,AVAILABILITY,origin.list,2023-02-17 05:26:12.047918
188.42.84.93,AVAILABILITY,origin.list,2023-02-17 05:26:12.477091
45.150.232.164,AVAILABILITY,origin.list,2023-02-17 05:26:12.650633
45.150.232.167,AVAILABILITY,origin.list,2023-02-17 05:26:12.758537
45.150.232.165,AVAILABILITY,origin.list,2023-02-17 05:26:12.843849
45.150.232.171,AVAILABILITY,origin.list,2023-02-17 05:26:13.341736
45.150.232.170,AVAILABILITY,origin.list,2023-02-17 05:26:13.535841
45.150.232.192,AVAILABILITY,origin.list,2023-02-17 05:26:13.625588
45.150.232.176,AVAILABILITY,origin.list,2023-02-17 05:26:13.648333
45.150.232.179,AVAILABILITY,origin.list,2023-02-17 05:26:14.149361
45.150.232.197,AVAILABILITY,origin.list,2023-02-17 05:26:14.346428
45.150.232.2,AVAILABILITY,origin.list,2023-02-17 05:26:14.435124
45.150.232.196,AVAILABILITY,origin.list,2023-02-17 05:26:14.519922
45.150.232.198,AVAILABILITY,origin.list,2023-02-17 05:26:14.951584
45.150.232.201,AVAILABILITY,origin.list,2023-02-17 05:26:15.216683
45.150.232.24,AVAILABILITY,origin.list,2023-02-17 05:26:15.237936
45.150.232.227,AVAILABILITY,origin.list,2023-02-17 05:26:15.395063
45.150.232.243,AVAILABILITY,origin.list,2023-02-17 05:26:15.751687
45.150.232.242,AVAILABILITY,origin.list,2023-02-17 05:26:16.020954
188.42.84.209,AVAILABILITY,origin.list,2023-02-17 05:26:16.185124
45.150.232.236,AVAILABILITY,origin.list,2023-02-17 05:26:16.197166
45.150.232.27,AVAILABILITY,origin.list,2023-02-17 05:26:16.612215
45.150.232.244,AVAILABILITY,origin.list,2023-02-17 05:26:16.959595
45.150.232.29,AVAILABILITY,origin.list,2023-02-17 05:26:16.997102
45.150.232.32,AVAILABILITY,origin.list,2023-02-17 05:26:17.059053
45.150.232.28,AVAILABILITY,origin.list,2023-02-17 05:26:17.488336
45.150.232.33,AVAILABILITY,origin.list,2023-02-17 05:26:17.837599
45.150.232.35,AVAILABILITY,origin.list,2023-02-17 05:26:17.871160
45.150.232.36,AVAILABILITY,origin.list,2023-02-17 05:26:17.930942
45.150.232.39,AVAILABILITY,origin.list,2023-02-17 05:26:18.358812
45.150.232.41,AVAILABILITY,origin.list,2023-02-17 05:26:18.692605
45.150.232.37,AVAILABILITY,origin.list,2023-02-17 05:26:18.707138
45.150.232.40,AVAILABILITY,origin.list,2023-02-17 05:26:18.800063
45.150.232.43,AVAILABILITY,origin.list,2023-02-17 05:26:19.302896
45.150.232.4,AVAILABILITY,origin.list,2023-02-17 05:26:19.557988
45.150.232.42,AVAILABILITY,origin.list,2023-02-17 05:26:19.576570
45.150.232.48,AVAILABILITY,origin.list,2023-02-17 05:26:19.685529
45.150.232.47,AVAILABILITY,origin.list,2023-02-17 05:26:20.177605
45.150.232.5,AVAILABILITY,origin.list,2023-02-17 05:26:20.422479
45.150.232.49,AVAILABILITY,origin.list,2023-02-17 05:26:20.516304
45.150.232.81,AVAILABILITY,origin.list,2023-02-17 05:26:20.627862
45.150.232.76,AVAILABILITY,origin.list,2023-02-17 05:26:20.979780
45.150.232.92,AVAILABILITY,origin.list,2023-02-17 05:26:21.360143
45.150.233.86,AVAILABILITY,origin.list,2023-02-17 05:26:21.435006
45.150.234.10,AVAILABILITY,origin.list,2023-02-17 05:26:21.448622
45.150.234.103,AVAILABILITY,origin.list,2023-02-17 05:26:21.780324
45.150.234.106,AVAILABILITY,origin.list,2023-02-17 05:26:22.228238
45.150.234.107,AVAILABILITY,origin.list,2023-02-17 05:26:22.232691
45.150.234.115,AVAILABILITY,origin.list,2023-02-17 05:26:22.314038
45.150.234.117,AVAILABILITY,origin.list,2023-02-17 05:26:22.654497
45.150.234.108,AVAILABILITY,origin.list,2023-02-17 05:26:23.027262
45.150.234.128,AVAILABILITY,origin.list,2023-02-17 05:26:23.104725
45.150.234.132,AVAILABILITY,origin.list,2023-02-17 05:26:23.184787
45.150.234.116,AVAILABILITY,origin.list,2023-02-17 05:26:23.521176
45.150.234.124,AVAILABILITY,origin.list,2023-02-17 05:26:23.900375
45.150.234.130,AVAILABILITY,origin.list,2023-02-17 05:26:23.904254
45.150.234.131,AVAILABILITY,origin.list,2023-02-17 05:26:23.986557
45.150.234.134,AVAILABILITY,origin.list,2023-02-17 05:26:24.338461
45.150.234.133,AVAILABILITY,origin.list,2023-02-17 05:26:24.709564
45.150.234.135,AVAILABILITY,origin.list,2023-02-17 05:26:24.852581
45.150.234.136,AVAILABILITY,origin.list,2023-02-17 05:26:25.511902
45.150.234.139,AVAILABILITY,origin.list,2023-02-17 05:26:25.736585
104.233.207.181,AVAILABILITY,origin.list,2023-02-17 05:26:25.984998
45.150.234.138,AVAILABILITY,origin.list,2023-02-17 05:26:26.322903
45.150.234.140,AVAILABILITY,origin.list,2023-02-17 05:26:26.548767
45.150.234.14,AVAILABILITY,origin.list,2023-02-17 05:26:26.857964
45.150.234.141,AVAILABILITY,origin.list,2023-02-17 05:26:27.139739
45.150.234.143,AVAILABILITY,origin.list,2023-02-17 05:26:27.352687
45.150.234.144,AVAILABILITY,origin.list,2023-02-17 05:26:27.662040
45.150.234.145,AVAILABILITY,origin.list,2023-02-17 05:26:28.007283
45.150.234.146,AVAILABILITY,origin.list,2023-02-17 05:26:28.225398
188.42.84.9,AVAILABILITY,origin.list,2023-02-17 05:26:34.464922
188.42.84.94,AVAILABILITY,origin.list,2023-02-17 05:26:34.843562
104.233.207.179,AVAILABILITY,origin.list,2023-02-17 05:26:38.292701
104.233.207.180,AVAILABILITY,origin.list,2023-02-17 05:26:38.919058
118.70.207.200,AVAILABILITY,origin.list,2023-02-17 05:26:43.038677
104.233.207.182,AVAILABILITY,origin.list,2023-02-17 05:26:45.083891
43.129.89.142,AVAILABILITY,origin.list,2023-02-17 05:26:45.470124
118.69.239.137,AVAILABILITY,origin.list,2023-02-17 05:27:01.143351
